"trip_id","departure_date","return_date","vehicle_id","employee_no"
"72941","2012-01-02 00:00:00","2012-01-04 00:00:00","44","0049547"
"72942","2012-01-02 00:00:00","2012-01-06 00:00:00","40","0115692"
"72943","2012-01-02 00:00:00","2012-01-06 00:00:00","51","0028539"
"72944","2012-01-02 00:00:00","2012-01-06 00:00:00","50","0003483"
"72945","2012-01-02 00:00:00","2012-01-04 00:00:00","39","0018243"
"72946","2012-01-02 00:00:00","2012-01-03 00:00:00","5","0117094"
"72947","2012-01-02 00:00:00","2012-01-04 00:00:00","10","0065101"
"72948","2012-01-02 00:00:00","2012-01-08 00:00:00","31","0032946"
"72949","2012-01-02 00:00:00","2012-01-07 00:00:00","6","0000350"
"72950","2012-01-02 00:00:00","2012-01-08 00:00:00","7","0067779"
"72951","2012-01-02 00:00:00","2012-01-03 00:00:00","18","0059411"
"72952","2012-01-03 00:00:00","2012-01-11 00:00:00","46","0080919"
"72953","2012-01-03 00:00:00","2012-01-05 00:00:00","55","0088611"
"72954","2012-01-03 00:00:00","2012-01-09 00:00:00","16","0011614"
"72955","2012-01-03 00:00:00","2012-01-06 00:00:00","20","0019383"
"72956","2012-01-03 00:00:00","2012-01-06 00:00:00","9","0019623"
"72957","2012-01-03 00:00:00","2012-01-07 00:00:00","11","0009037"
"72958","2012-01-03 00:00:00","2012-01-07 00:00:00","12","0103275"
"72959","2012-01-03 00:00:00","2012-01-08 00:00:00","24","0032481"
"72960","2012-01-03 00:00:00","2012-01-06 00:00:00","25","0054638"
"72961","2012-01-04 00:00:00","2012-01-05 00:00:00","53","0052861"
"72962","2012-01-04 00:00:00","2012-01-09 00:00:00","52","0054864"
"72963","2012-01-04 00:00:00","2012-01-08 00:00:00","3","0040079"
"72964","2012-01-04 00:00:00","2012-01-06 00:00:00","27","0117094"
"72965","2012-01-04 00:00:00","2012-01-05 00:00:00","37","0071609"
"72966","2012-01-04 00:00:00","2012-01-11 00:00:00","4","0041353"
"72967","2012-01-04 00:00:00","2012-01-09 00:00:00","17","0007565"
"72968","2012-01-04 00:00:00","2012-01-06 00:00:00","2","0083413"
"72969","2012-01-05 00:00:00","2012-01-07 00:00:00","43","0122085"
"72970","2012-01-05 00:00:00","2012-01-14 00:00:00","42","0036989"
"72971","2012-01-05 00:00:00","2012-01-09 00:00:00","48","0116204"
"72972","2012-01-05 00:00:00","2012-01-07 00:00:00","49","0065101"
"72973","2012-01-05 00:00:00","2012-01-10 00:00:00","38","0035819"
"72974","2012-01-05 00:00:00","2012-01-08 00:00:00","15","0081817"
"72975","2012-01-05 00:00:00","2012-01-07 00:00:00","23","0059411"
"72976","2012-01-05 00:00:00","2012-01-10 00:00:00","5","0044597"
"72977","2012-01-05 00:00:00","2012-01-08 00:00:00","26","0037759"
"72978","2012-01-05 00:00:00","2012-01-07 00:00:00","34","0064734"
"72979","2012-01-06 00:00:00","2012-01-15 00:00:00","54","0013322"
"72980","2012-01-06 00:00:00","2012-01-08 00:00:00","30","0052861"
"72981","2012-01-06 00:00:00","2012-01-08 00:00:00","13","0071609"
"72982","2012-01-07 00:00:00","2012-01-11 00:00:00","39","0028539"
"72983","2012-01-08 00:00:00","2012-01-11 00:00:00","1","0000350"
"72984","2012-01-08 00:00:00","2012-01-11 00:00:00","10","0059009"
"72985","2012-01-08 00:00:00","2012-01-12 00:00:00","21","0054638"
"72986","2012-01-08 00:00:00","2012-01-14 00:00:00","27","0049743"
"72987","2012-01-08 00:00:00","2012-01-13 00:00:00","35","0042735"
"72988","2012-01-08 00:00:00","2012-01-14 00:00:00","36","0003483"
"72989","2012-01-08 00:00:00","2012-01-14 00:00:00","29","0115692"
"72990","2012-01-08 00:00:00","2012-01-10 00:00:00","32","0083413"
"72991","2012-01-09 00:00:00","2012-01-11 00:00:00","44","0032946"
"72992","2012-01-09 00:00:00","2012-01-12 00:00:00","43","0103275"
"72993","2012-01-09 00:00:00","2012-01-11 00:00:00","40","0072181"
"72994","2012-01-09 00:00:00","2012-01-10 00:00:00","55","0016462"
"72995","2012-01-09 00:00:00","2012-01-10 00:00:00","20","0065101"
"72996","2012-01-09 00:00:00","2012-01-13 00:00:00","9","0081817"
"72997","2012-01-09 00:00:00","2012-01-11 00:00:00","18","0096114"
"72998","2012-01-09 00:00:00","2012-01-12 00:00:00","33","0064734"
"72999","2012-01-09 00:00:00","2012-01-10 00:00:00","47","0071609"
"73000","2012-01-10 00:00:00","2012-01-11 00:00:00","51","0041668"
"73001","2012-01-10 00:00:00","2012-01-17 00:00:00","49","0112122"
"73002","2012-01-10 00:00:00","2012-01-12 00:00:00","22","0032481"
"73003","2012-01-11 00:00:00","2012-01-13 00:00:00","41","0083413"
"73004","2012-01-11 00:00:00","2012-01-16 00:00:00","52","0016462"
"73005","2012-01-11 00:00:00","2012-01-17 00:00:00","3","0116204"
"73006","2012-01-11 00:00:00","2012-01-18 00:00:00","16","0018243"
"73007","2012-01-11 00:00:00","2012-01-12 00:00:00","13","0035819"
"73008","2012-01-11 00:00:00","2012-01-15 00:00:00","47","0037759"
"73009","2012-01-12 00:00:00","2012-01-13 00:00:00","44","0077517"
"73010","2012-01-12 00:00:00","2012-01-16 00:00:00","51","0012437"
"73011","2012-01-12 00:00:00","2012-01-21 00:00:00","20","0039136"
"73012","2012-01-12 00:00:00","2012-01-13 00:00:00","28","0044597"
"73013","2012-01-12 00:00:00","2012-01-15 00:00:00","7","0065101"
"73014","2012-01-12 00:00:00","2012-01-18 00:00:00","19","0072181"
"73015","2012-01-12 00:00:00","2012-01-13 00:00:00","24","0032946"
"73016","2012-01-13 00:00:00","2012-01-14 00:00:00","45","0032481"
"73017","2012-01-13 00:00:00","2012-01-21 00:00:00","50","0028539"
"73018","2012-01-13 00:00:00","2012-01-14 00:00:00","37","0064734"
"73019","2012-01-13 00:00:00","2012-01-14 00:00:00","6","0103275"
"73020","2012-01-13 00:00:00","2012-01-15 00:00:00","8","0096114"
"73021","2012-01-13 00:00:00","2012-01-14 00:00:00","11","0054638"
"73022","2012-01-13 00:00:00","2012-01-15 00:00:00","17","0041668"
"73023","2012-01-14 00:00:00","2012-01-15 00:00:00","1","0007565"
"73024","2012-01-14 00:00:00","2012-01-21 00:00:00","46","0059411"
"73025","2012-01-14 00:00:00","2012-01-16 00:00:00","43","0077517"
"73026","2012-01-14 00:00:00","2012-01-18 00:00:00","39","0035819"
"73027","2012-01-14 00:00:00","2012-01-20 00:00:00","10","0009037"
"73028","2012-01-14 00:00:00","2012-01-21 00:00:00","31","0080919"
"73029","2012-01-14 00:00:00","2012-01-21 00:00:00","35","0067304"
"73030","2012-01-14 00:00:00","2012-01-15 00:00:00","4","0117094"
"73031","2012-01-14 00:00:00","2012-01-16 00:00:00","13","0032946"
"73032","2012-01-14 00:00:00","2012-01-24 00:00:00","18","0067779"
"73033","2012-01-15 00:00:00","2012-01-17 00:00:00","41","0081817"
"73034","2012-01-15 00:00:00","2012-01-18 00:00:00","48","0036989"
"73035","2012-01-15 00:00:00","2012-01-19 00:00:00","21","0071609"
"73036","2012-01-15 00:00:00","2012-01-16 00:00:00","28","0088611"
"73037","2012-01-16 00:00:00","2012-01-17 00:00:00","54","0010399"
"73038","2012-01-16 00:00:00","2012-01-19 00:00:00","53","0115692"
"73039","2012-01-16 00:00:00","2012-01-21 00:00:00","15","0019623"
"73040","2012-01-16 00:00:00","2012-01-18 00:00:00","26","0037759"
"73041","2012-01-16 00:00:00","2012-01-22 00:00:00","30","0117094"
"73042","2012-01-16 00:00:00","2012-01-19 00:00:00","37","0052861"
"73043","2012-01-16 00:00:00","2012-01-20 00:00:00","12","0007565"
"73044","2012-01-16 00:00:00","2012-01-22 00:00:00","17","0054638"
"73045","2012-01-16 00:00:00","2012-01-25 00:00:00","33","0000350"
"73046","2012-01-17 00:00:00","2012-01-24 00:00:00","45","0016462"
"73047","2012-01-17 00:00:00","2012-01-20 00:00:00","38","0013322"
"73048","2012-01-17 00:00:00","2012-01-27 00:00:00","23","0044597"
"73049","2012-01-17 00:00:00","2012-01-24 00:00:00","27","0054864"
"73050","2012-01-17 00:00:00","2012-01-18 00:00:00","28","0103275"
"73051","2012-01-17 00:00:00","2012-01-19 00:00:00","36","0003483"
"73052","2012-01-17 00:00:00","2012-01-20 00:00:00","6","0077517"
"73053","2012-01-17 00:00:00","2012-01-24 00:00:00","8","0064734"
"73054","2012-01-17 00:00:00","2012-01-19 00:00:00","29","0012437"
"73055","2012-01-18 00:00:00","2012-01-19 00:00:00","14","0088611"
"73056","2012-01-18 00:00:00","2012-01-21 00:00:00","7","0010399"
"73057","2012-01-19 00:00:00","2012-01-26 00:00:00","41","0037759"
"73058","2012-01-19 00:00:00","2012-01-22 00:00:00","49","0018243"
"73059","2012-01-19 00:00:00","2012-01-23 00:00:00","3","0056286"
"73060","2012-01-19 00:00:00","2012-01-21 00:00:00","19","0046793"
"73061","2012-01-19 00:00:00","2012-01-21 00:00:00","32","0081817"
"73062","2012-01-19 00:00:00","2012-01-20 00:00:00","47","0049743"
"73063","2012-01-20 00:00:00","2012-01-21 00:00:00","43","0012437"
"73064","2012-01-20 00:00:00","2012-01-22 00:00:00","48","0115692"
"73065","2012-01-20 00:00:00","2012-01-26 00:00:00","52","0071272"
"73066","2012-01-20 00:00:00","2012-01-23 00:00:00","29","0035819"
"73067","2012-01-21 00:00:00","2012-01-22 00:00:00","42","0088611"
"73068","2012-01-21 00:00:00","2012-01-29 00:00:00","26","0077517"
"73069","2012-01-21 00:00:00","2012-01-22 00:00:00","28","0013322"
"73070","2012-01-21 00:00:00","2012-01-22 00:00:00","34","0007565"
"73071","2012-01-21 00:00:00","2012-01-27 00:00:00","37","0049743"
"73072","2012-01-21 00:00:00","2012-01-23 00:00:00","24","0041668"
"73073","2012-01-22 00:00:00","2012-01-24 00:00:00","46","0046793"
"73074","2012-01-22 00:00:00","2012-01-24 00:00:00","43","0009037"
"73075","2012-01-22 00:00:00","2012-01-23 00:00:00","54","0112122"
"73076","2012-01-22 00:00:00","2012-02-01 00:00:00","15","0116204"
"73077","2012-01-22 00:00:00","2012-01-27 00:00:00","16","0059411"
"73078","2012-01-22 00:00:00","2012-01-24 00:00:00","20","0011614"
"73079","2012-01-22 00:00:00","2012-01-28 00:00:00","21","0028539"
"73080","2012-01-22 00:00:00","2012-01-27 00:00:00","2","0012437"
"73081","2012-01-23 00:00:00","2012-01-24 00:00:00","40","0081817"
"73082","2012-01-23 00:00:00","2012-01-24 00:00:00","48","0115752"
"73083","2012-01-23 00:00:00","2012-01-24 00:00:00","55","0088611"
"73084","2012-01-23 00:00:00","2012-01-25 00:00:00","50","0036989"
"73085","2012-01-23 00:00:00","2012-01-24 00:00:00","39","0018243"
"73086","2012-01-23 00:00:00","2012-01-26 00:00:00","22","0007565"
"73087","2012-01-23 00:00:00","2012-01-24 00:00:00","5","0080919"
"73088","2012-01-24 00:00:00","2012-01-29 00:00:00","54","0039136"
"73089","2012-01-24 00:00:00","2012-01-25 00:00:00","30","0019623"
"73090","2012-01-24 00:00:00","2012-01-26 00:00:00","31","0041668"
"73091","2012-01-24 00:00:00","2012-01-28 00:00:00","35","0049547"
"73092","2012-01-24 00:00:00","2012-01-25 00:00:00","36","0056286"
"73093","2012-01-24 00:00:00","2012-01-27 00:00:00","29","0072181"
"73094","2012-01-25 00:00:00","2012-01-26 00:00:00","1","0067304"
"73095","2012-01-25 00:00:00","2012-01-27 00:00:00","53","0112122"
"73096","2012-01-25 00:00:00","2012-01-28 00:00:00","39","0011614"
"73097","2012-01-25 00:00:00","2012-01-29 00:00:00","3","0016462"
"73098","2012-01-25 00:00:00","2012-01-28 00:00:00","4","0115752"
"73099","2012-01-25 00:00:00","2012-01-26 00:00:00","8","0010399"
"73100","2012-01-26 00:00:00","2012-01-31 00:00:00","44","0018243"
"73101","2012-01-26 00:00:00","2012-02-02 00:00:00","55","0013322"
"73102","2012-01-26 00:00:00","2012-01-27 00:00:00","5","0019623"
"73103","2012-01-26 00:00:00","2012-01-27 00:00:00","11","0064734"
"73104","2012-01-26 00:00:00","2012-01-27 00:00:00","12","0021604"
"73105","2012-01-26 00:00:00","2012-02-01 00:00:00","47","0088611"
"73106","2012-01-27 00:00:00","2012-02-02 00:00:00","45","0071609"
"73107","2012-01-27 00:00:00","2012-01-28 00:00:00","46","0067304"
"73108","2012-01-27 00:00:00","2012-02-02 00:00:00","51","0117094"
"73109","2012-01-27 00:00:00","2012-02-01 00:00:00","49","0032481"
"73110","2012-01-27 00:00:00","2012-02-01 00:00:00","27","0103275"
"73111","2012-01-27 00:00:00","2012-01-29 00:00:00","36","0122085"
"73112","2012-01-27 00:00:00","2012-01-31 00:00:00","8","0083413"
"73113","2012-01-27 00:00:00","2012-01-28 00:00:00","18","0080919"
"73114","2012-01-28 00:00:00","2012-01-29 00:00:00","50","0071272"
"73115","2012-01-28 00:00:00","2012-02-02 00:00:00","14","0010399"
"73116","2012-01-28 00:00:00","2012-02-03 00:00:00","16","0054864"
"73117","2012-01-28 00:00:00","2012-01-31 00:00:00","10","0059411"
"73118","2012-01-28 00:00:00","2012-01-29 00:00:00","31","0021604"
"73119","2012-01-28 00:00:00","2012-02-01 00:00:00","7","0059009"
"73120","2012-01-28 00:00:00","2012-02-02 00:00:00","13","0037759"
"73121","2012-01-28 00:00:00","2012-01-29 00:00:00","24","0012437"
"73122","2012-01-28 00:00:00","2012-01-31 00:00:00","33","0072181"
"73123","2012-01-29 00:00:00","2012-02-04 00:00:00","40","0003483"
"73124","2012-01-29 00:00:00","2012-02-01 00:00:00","5","0049743"
"73125","2012-01-29 00:00:00","2012-01-31 00:00:00","28","0028539"
"73126","2012-01-29 00:00:00","2012-02-01 00:00:00","4","0080919"
"73127","2012-01-29 00:00:00","2012-01-30 00:00:00","9","0115752"
"73128","2012-01-29 00:00:00","2012-01-31 00:00:00","25","0112122"
"73129","2012-01-29 00:00:00","2012-02-05 00:00:00","29","0065101"
"73130","2012-01-29 00:00:00","2012-02-01 00:00:00","2","0036989"
"73131","2012-01-30 00:00:00","2012-02-04 00:00:00","43","0049547"
"73132","2012-01-30 00:00:00","2012-02-01 00:00:00","41","0040079"
"73133","2012-01-30 00:00:00","2012-02-04 00:00:00","20","0067304"
"73134","2012-01-30 00:00:00","2012-02-04 00:00:00","21","0096114"
"73135","2012-01-30 00:00:00","2012-02-03 00:00:00","37","0032946"
"73136","2012-01-30 00:00:00","2012-02-06 00:00:00","11","0011614"
"73137","2012-01-31 00:00:00","2012-02-03 00:00:00","39","0077517"
"73138","2012-01-31 00:00:00","2012-02-02 00:00:00","26","0064734"
"73139","2012-01-31 00:00:00","2012-02-06 00:00:00","31","0016462"
"73140","2012-01-31 00:00:00","2012-02-05 00:00:00","9","0115692"
"73141","2012-01-31 00:00:00","2012-02-08 00:00:00","24","0039136"
"73142","2012-02-01 00:00:00","2012-02-07 00:00:00","50","0044597"
"73143","2012-02-01 00:00:00","2012-02-05 00:00:00","3","0000350"
"73144","2012-02-01 00:00:00","2012-02-04 00:00:00","34","0028539"
"73145","2012-02-02 00:00:00","2012-02-09 00:00:00","38","0041668"
"73146","2012-02-02 00:00:00","2012-02-09 00:00:00","5","0035819"
"73147","2012-02-02 00:00:00","2012-02-05 00:00:00","6","0083413"
"73148","2012-02-02 00:00:00","2012-02-04 00:00:00","8","0040079"
"73149","2012-02-03 00:00:00","2012-02-05 00:00:00","46","0071609"
"73150","2012-02-03 00:00:00","2012-02-05 00:00:00","44","0012437"
"73151","2012-02-03 00:00:00","2012-02-07 00:00:00","48","0088611"
"73152","2012-02-03 00:00:00","2012-02-07 00:00:00","54","0059009"
"73153","2012-02-03 00:00:00","2012-02-07 00:00:00","49","0018243"
"73154","2012-02-03 00:00:00","2012-02-06 00:00:00","22","0117094"
"73155","2012-02-03 00:00:00","2012-02-06 00:00:00","35","0049743"
"73156","2012-02-03 00:00:00","2012-02-05 00:00:00","36","0009037"
"73157","2012-02-03 00:00:00","2012-02-12 00:00:00","4","0013322"
"73158","2012-02-03 00:00:00","2012-02-11 00:00:00","7","0122085"
"73159","2012-02-03 00:00:00","2012-02-09 00:00:00","13","0064734"
"73160","2012-02-03 00:00:00","2012-02-13 00:00:00","47","0115752"
"73161","2012-02-04 00:00:00","2012-02-05 00:00:00","42","0054864"
"73162","2012-02-04 00:00:00","2012-02-07 00:00:00","55","0032481"
"73163","2012-02-04 00:00:00","2012-02-12 00:00:00","39","0024097"
"73164","2012-02-05 00:00:00","2012-02-06 00:00:00","51","0019383"
"73165","2012-02-05 00:00:00","2012-02-10 00:00:00","14","0032946"
"73166","2012-02-05 00:00:00","2012-02-06 00:00:00","17","0067304"
"73167","2012-02-05 00:00:00","2012-02-06 00:00:00","32","0003483"
"73168","2012-02-06 00:00:00","2012-02-07 00:00:00","16","0036989"
"73169","2012-02-06 00:00:00","2012-02-07 00:00:00","30","0054864"
"73170","2012-02-06 00:00:00","2012-02-07 00:00:00","34","0007565"
"73171","2012-02-06 00:00:00","2012-02-08 00:00:00","37","0071272"
"73172","2012-02-06 00:00:00","2012-02-07 00:00:00","6","0012437"
"73173","2012-02-06 00:00:00","2012-02-07 00:00:00","12","0028539"
"73174","2012-02-07 00:00:00","2012-02-10 00:00:00","1","0019383"
"73175","2012-02-07 00:00:00","2012-02-09 00:00:00","46","0077517"
"73176","2012-02-07 00:00:00","2012-02-12 00:00:00","40","0065101"
"73177","2012-02-07 00:00:00","2012-02-09 00:00:00","52","0071609"
"73178","2012-02-07 00:00:00","2012-02-10 00:00:00","15","0083413"
"73179","2012-02-07 00:00:00","2012-02-09 00:00:00","10","0016462"
"73180","2012-02-07 00:00:00","2012-02-08 00:00:00","21","0000350"
"73181","2012-02-07 00:00:00","2012-02-08 00:00:00","27","0049743"
"73182","2012-02-07 00:00:00","2012-02-10 00:00:00","8","0009037"
"73183","2012-02-07 00:00:00","2012-02-08 00:00:00","9","0046793"
"73184","2012-02-07 00:00:00","2012-02-09 00:00:00","19","0115692"
"73185","2012-02-07 00:00:00","2012-02-09 00:00:00","32","0072181"
"73186","2012-02-08 00:00:00","2012-02-16 00:00:00","50","0067779"
"73187","2012-02-08 00:00:00","2012-02-12 00:00:00","22","0032481"
"73188","2012-02-08 00:00:00","2012-02-08 00:00:00","23","0117094"
"73189","2012-02-08 00:00:00","2012-02-16 00:00:00","20","0037759"
"73190","2012-02-08 00:00:00","2012-02-14 00:00:00","26","0067304"
"73191","2012-02-08 00:00:00","2012-02-10 00:00:00","30","0059009"
"73192","2012-02-08 00:00:00","2012-02-12 00:00:00","11","0045619"
"73193","2012-02-08 00:00:00","2012-02-14 00:00:00","18","0012437"
"73194","2012-02-08 00:00:00","2012-02-17 00:00:00","25","0103275"
"73195","2012-02-08 00:00:00","2012-02-12 00:00:00","33","0036989"
"73196","2012-02-08 00:00:00","2012-02-09 00:00:00","2","0018243"
"73197","2012-02-09 00:00:00","2012-02-11 00:00:00","3","0021604"
"73198","2012-02-09 00:00:00","2012-02-12 00:00:00","21","0040079"
"73199","2012-02-09 00:00:00","2012-02-12 00:00:00","28","0088611"
"73200","2012-02-09 00:00:00","2012-02-15 00:00:00","36","0039136"
"73201","2012-02-09 00:00:00","2012-02-14 00:00:00","29","0054864"
"73202","2012-02-10 00:00:00","2012-02-13 00:00:00","42","0071272"
"73203","2012-02-10 00:00:00","2012-02-11 00:00:00","48","0052861"
"73204","2012-02-10 00:00:00","2012-02-12 00:00:00","55","0117094"
"73205","2012-02-10 00:00:00","2012-02-11 00:00:00","31","0071609"
"73206","2012-02-10 00:00:00","2012-02-11 00:00:00","34","0044597"
"73207","2012-02-10 00:00:00","2012-02-13 00:00:00","35","0059411"
"73208","2012-02-10 00:00:00","2012-02-14 00:00:00","6","0116204"
"73209","2012-02-10 00:00:00","2012-02-13 00:00:00","12","0018243"
"73210","2012-02-10 00:00:00","2012-02-14 00:00:00","17","0072181"
"73211","2012-02-10 00:00:00","2012-02-14 00:00:00","24","0077517"
"73212","2012-02-10 00:00:00","2012-02-15 00:00:00","32","0041353"
"73213","2012-02-11 00:00:00","2012-02-12 00:00:00","54","0042735"
"73214","2012-02-11 00:00:00","2012-02-21 00:00:00","9","0080919"
"73215","2012-02-12 00:00:00","2012-02-13 00:00:00","1","0052861"
"73216","2012-02-12 00:00:00","2012-02-18 00:00:00","44","0056286"
"73217","2012-02-12 00:00:00","2012-02-17 00:00:00","53","0083413"
"73218","2012-02-12 00:00:00","2012-02-14 00:00:00","38","0046793"
"73219","2012-02-12 00:00:00","2012-02-15 00:00:00","14","0044597"
"73220","2012-02-13 00:00:00","2012-02-16 00:00:00","45","0088611"
"73221","2012-02-13 00:00:00","2012-02-15 00:00:00","46","0032481"
"73222","2012-02-13 00:00:00","2012-02-23 00:00:00","15","0112122"
"73223","2012-02-13 00:00:00","2012-02-17 00:00:00","27","0071609"
"73224","2012-02-13 00:00:00","2012-02-15 00:00:00","31","0065101"
"73225","2012-02-13 00:00:00","2012-02-14 00:00:00","8","0049743"
"73226","2012-02-14 00:00:00","2012-02-17 00:00:00","1","0040079"
"73227","2012-02-14 00:00:00","2012-02-16 00:00:00","41","0036989"
"73228","2012-02-14 00:00:00","2012-02-20 00:00:00","54","0117094"
"73229","2012-02-14 00:00:00","2012-02-21 00:00:00","52","0052861"
"73230","2012-02-14 00:00:00","2012-02-18 00:00:00","4","0115692"
"73231","2012-02-14 00:00:00","2012-02-15 00:00:00","7","0059411"
"73232","2012-02-14 00:00:00","2012-02-15 00:00:00","11","0024097"
"73233","2012-02-15 00:00:00","2012-02-20 00:00:00","43","0071272"
"73234","2012-02-15 00:00:00","2012-02-21 00:00:00","42","0049743"
"73235","2012-02-15 00:00:00","2012-02-20 00:00:00","49","0019623"
"73236","2012-02-15 00:00:00","2012-02-16 00:00:00","16","0096114"
"73237","2012-02-15 00:00:00","2012-02-21 00:00:00","22","0019383"
"73238","2012-02-15 00:00:00","2012-02-19 00:00:00","5","0054864"
"73239","2012-02-15 00:00:00","2012-02-22 00:00:00","8","0122085"
"73240","2012-02-15 00:00:00","2012-02-17 00:00:00","12","0000350"
"73241","2012-02-16 00:00:00","2012-02-19 00:00:00","46","0044597"
"73242","2012-02-16 00:00:00","2012-02-18 00:00:00","35","0007565"
"73243","2012-02-16 00:00:00","2012-02-19 00:00:00","7","0039136"
"73244","2012-02-16 00:00:00","2012-02-22 00:00:00","17","0028539"
"73245","2012-02-16 00:00:00","2012-02-21 00:00:00","19","0072181"
"73246","2012-02-17 00:00:00","2012-02-27 00:00:00","50","0067304"
"73247","2012-02-17 00:00:00","2012-02-20 00:00:00","23","0037759"
"73248","2012-02-17 00:00:00","2012-02-18 00:00:00","10","0036989"
"73249","2012-02-17 00:00:00","2012-02-26 00:00:00","26","0016462"
"73250","2012-02-17 00:00:00","2012-02-21 00:00:00","30","0041353"
"73251","2012-02-17 00:00:00","2012-02-18 00:00:00","34","0064734"
"73252","2012-02-17 00:00:00","2012-02-22 00:00:00","36","0011614"
"73253","2012-02-17 00:00:00","2012-02-19 00:00:00","6","0096114"
"73254","2012-02-17 00:00:00","2012-02-21 00:00:00","24","0088611"
"73255","2012-02-17 00:00:00","2012-02-18 00:00:00","33","0024097"
"73256","2012-02-18 00:00:00","2012-02-25 00:00:00","55","0013322"
"73257","2012-02-18 00:00:00","2012-02-19 00:00:00","14","0000350"
"73258","2012-02-18 00:00:00","2012-02-20 00:00:00","37","0083413"
"73259","2012-02-18 00:00:00","2012-02-25 00:00:00","25","0071609"
"73260","2012-02-18 00:00:00","2012-02-19 00:00:00","2","0035819"
"73261","2012-02-19 00:00:00","2012-02-21 00:00:00","51","0056286"
"73262","2012-02-19 00:00:00","2012-02-21 00:00:00","39","0036989"
"73263","2012-02-19 00:00:00","2012-02-24 00:00:00","20","0007565"
"73264","2012-02-19 00:00:00","2012-02-24 00:00:00","31","0009037"
"73265","2012-02-19 00:00:00","2012-02-20 00:00:00","34","0024097"
"73266","2012-02-20 00:00:00","2012-02-21 00:00:00","53","0045619"
"73267","2012-02-20 00:00:00","2012-02-29 00:00:00","14","0010399"
"73268","2012-02-20 00:00:00","2012-02-22 00:00:00","11","0000350"
"73269","2012-02-20 00:00:00","2012-02-24 00:00:00","29","0115692"
"73270","2012-02-21 00:00:00","2012-02-22 00:00:00","45","0019623"
"73271","2012-02-21 00:00:00","2012-02-27 00:00:00","46","0044597"
"73272","2012-02-21 00:00:00","2012-02-27 00:00:00","21","0064734"
"73273","2012-02-21 00:00:00","2012-02-24 00:00:00","4","0035819"
"73274","2012-02-22 00:00:00","2012-02-25 00:00:00","41","0032481"
"73275","2012-02-22 00:00:00","2012-02-24 00:00:00","40","0083413"
"73276","2012-02-22 00:00:00","2012-02-28 00:00:00","51","0054638"
"73277","2012-02-22 00:00:00","2012-02-25 00:00:00","23","0059411"
"73278","2012-02-22 00:00:00","2012-03-01 00:00:00","5","0046793"
"73279","2012-02-21 00:00:00","2012-03-03 00:00:00","10","0018243"
"73280","2012-02-22 00:00:00","2012-02-27 00:00:00","28","0036989"
"73281","2012-02-22 00:00:00","2012-02-23 00:00:00","30","0049743"
"73282","2012-02-22 00:00:00","2012-02-23 00:00:00","6","0080919"
"73283","2012-02-22 00:00:00","2012-02-23 00:00:00","7","0045619"
"73284","2012-02-22 00:00:00","2012-02-25 00:00:00","18","0071272"
"73285","2012-02-22 00:00:00","2012-02-24 00:00:00","2","0056286"
"73286","2012-02-23 00:00:00","2012-02-27 00:00:00","49","0059009"
"73287","2012-02-23 00:00:00","2012-02-24 00:00:00","38","0072181"
"73288","2012-02-23 00:00:00","2012-02-27 00:00:00","27","0019383"
"73289","2012-02-23 00:00:00","2012-02-26 00:00:00","34","0019623"
"73290","2012-02-23 00:00:00","2012-02-24 00:00:00","32","0000350"
"73291","2012-02-24 00:00:00","2012-02-26 00:00:00","42","0011614"
"73292","2012-02-24 00:00:00","2012-03-01 00:00:00","39","0096114"
"73293","2012-02-24 00:00:00","2012-03-04 00:00:00","3","0049547"
"73294","2012-02-24 00:00:00","2012-02-26 00:00:00","22","0052861"
"73295","2012-02-24 00:00:00","2012-02-25 00:00:00","37","0049743"
"73296","2012-02-24 00:00:00","2012-02-27 00:00:00","11","0045619"
"73297","2012-02-25 00:00:00","2012-02-27 00:00:00","1","0081817"
"73298","2012-02-25 00:00:00","2012-02-28 00:00:00","54","0080919"
"73299","2012-02-25 00:00:00","2012-02-26 00:00:00","38","0009037"
"73300","2012-02-25 00:00:00","2012-03-04 00:00:00","15","0083413"
"73301","2012-02-25 00:00:00","2012-02-26 00:00:00","6","0103275"
"73302","2012-02-25 00:00:00","2012-02-28 00:00:00","9","0035819"
"73303","2012-02-25 00:00:00","2012-03-04 00:00:00","17","0041353"
"73304","2012-02-25 00:00:00","2012-02-26 00:00:00","24","0007565"
"73305","2012-02-25 00:00:00","2012-03-03 00:00:00","29","0028539"
"73306","2012-02-26 00:00:00","2012-02-29 00:00:00","45","0116204"
"73307","2012-02-26 00:00:00","2012-02-28 00:00:00","48","0013322"
"73308","2012-02-26 00:00:00","2012-03-01 00:00:00","55","0122085"
"73309","2012-02-26 00:00:00","2012-03-02 00:00:00","31","0003483"
"73310","2012-02-26 00:00:00","2012-03-01 00:00:00","37","0021604"
"73311","2012-02-26 00:00:00","2012-03-01 00:00:00","25","0037759"
"73312","2012-02-26 00:00:00","2012-02-29 00:00:00","33","0054864"
"73313","2012-02-27 00:00:00","2012-02-28 00:00:00","40","0103275"
"73314","2012-02-27 00:00:00","2012-03-01 00:00:00","53","0009037"
"73315","2012-02-27 00:00:00","2012-03-05 00:00:00","26","0032481"
"73316","2012-02-27 00:00:00","2012-03-02 00:00:00","34","0052861"
"73317","2012-02-27 00:00:00","2012-03-02 00:00:00","8","0016462"
"73318","2012-02-27 00:00:00","2012-03-03 00:00:00","19","0071272"
"73319","2012-02-27 00:00:00","2012-03-05 00:00:00","24","0112122"
"73320","2012-02-27 00:00:00","2012-03-06 00:00:00","2","0059411"
"73321","2012-02-27 00:00:00","2012-02-28 00:00:00","47","0011614"
"73322","2012-02-28 00:00:00","2012-02-29 00:00:00","44","0044597"
"73323","2012-02-28 00:00:00","2012-02-29 00:00:00","52","0032946"
"73324","2012-02-28 00:00:00","2012-03-07 00:00:00","32","0019623"
"73325","2012-02-29 00:00:00","2012-03-06 00:00:00","16","0045619"
"73326","2012-02-29 00:00:00","2012-03-03 00:00:00","23","0103275"
"73327","2012-02-29 00:00:00","2012-03-04 00:00:00","28","0011614"
"73328","2012-02-29 00:00:00","2012-03-01 00:00:00","47","0065101"
"73329","2012-03-01 00:00:00","2012-03-10 00:00:00","45","0115692"
"73330","2012-03-01 00:00:00","2012-03-04 00:00:00","48","0056286"
"73331","2012-03-01 00:00:00","2012-03-02 00:00:00","51","0042735"
"73332","2012-03-01 00:00:00","2012-03-02 00:00:00","50","0067304"
"73333","2012-03-01 00:00:00","2012-03-02 00:00:00","20","0054864"
"73334","2012-03-01 00:00:00","2012-03-02 00:00:00","21","0032946"
"73335","2012-03-01 00:00:00","2012-03-02 00:00:00","35","0044597"
"73336","2012-03-02 00:00:00","2012-03-06 00:00:00","42","0037759"
"73337","2012-03-02 00:00:00","2012-03-07 00:00:00","40","0071609"
"73338","2012-03-02 00:00:00","2012-03-09 00:00:00","55","0040079"
"73339","2012-03-02 00:00:00","2012-03-04 00:00:00","54","0065101"
"73340","2012-03-02 00:00:00","2012-03-10 00:00:00","39","0116204"
"73341","2012-03-02 00:00:00","2012-03-03 00:00:00","9","0021604"
"73342","2012-03-03 00:00:00","2012-03-06 00:00:00","43","0035819"
"73343","2012-03-03 00:00:00","2012-03-09 00:00:00","50","0013322"
"73344","2012-03-03 00:00:00","2012-03-04 00:00:00","53","0059009"
"73345","2012-03-03 00:00:00","2012-03-12 00:00:00","20","0010399"
"73346","2012-03-03 00:00:00","2012-03-04 00:00:00","27","0042735"
"73347","2012-03-03 00:00:00","2012-03-05 00:00:00","31","0054864"
"73348","2012-03-03 00:00:00","2012-03-05 00:00:00","12","0122085"
"73349","2012-03-04 00:00:00","2012-03-12 00:00:00","41","0032946"
"73350","2012-03-04 00:00:00","2012-03-05 00:00:00","49","0009037"
"73351","2012-03-04 00:00:00","2012-03-09 00:00:00","23","0064734"
"73352","2012-03-04 00:00:00","2012-03-06 00:00:00","9","0067304"
"73353","2012-03-04 00:00:00","2012-03-06 00:00:00","13","0028539"
"73354","2012-03-04 00:00:00","2012-03-12 00:00:00","33","0071272"
"73355","2012-03-05 00:00:00","2012-03-14 00:00:00","1","0042735"
"73356","2012-03-05 00:00:00","2012-03-13 00:00:00","48","0065101"
"73357","2012-03-05 00:00:00","2012-03-09 00:00:00","51","0021604"
"73358","2012-03-05 00:00:00","2012-03-06 00:00:00","21","0039136"
"73359","2012-03-05 00:00:00","2012-03-06 00:00:00","34","0049547"
"73360","2012-03-05 00:00:00","2012-03-10 00:00:00","35","0041668"
"73361","2012-03-05 00:00:00","2012-03-06 00:00:00","36","0011614"
"73362","2012-03-05 00:00:00","2012-03-06 00:00:00","37","0117094"
"73363","2012-03-05 00:00:00","2012-03-10 00:00:00","11","0018243"
"73364","2012-03-05 00:00:00","2012-03-07 00:00:00","17","0072181"
"73365","2012-03-05 00:00:00","2012-03-08 00:00:00","18","0041353"
"73366","2012-03-05 00:00:00","2012-03-07 00:00:00","19","0059009"
"73367","2012-03-05 00:00:00","2012-03-07 00:00:00","25","0096114"
"73368","2012-03-05 00:00:00","2012-03-09 00:00:00","29","0044597"
"73369","2012-03-06 00:00:00","2012-03-07 00:00:00","3","0067779"
"73370","2012-03-06 00:00:00","2012-03-15 00:00:00","12","0054864"
"73371","2012-03-07 00:00:00","2012-03-11 00:00:00","44","0028539"
"73372","2012-03-07 00:00:00","2012-03-09 00:00:00","14","0011614"
"73373","2012-03-07 00:00:00","2012-03-08 00:00:00","16","0059411"
"73374","2012-03-07 00:00:00","2012-03-09 00:00:00","28","0007565"
"73375","2012-03-07 00:00:00","2012-03-09 00:00:00","30","0112122"
"73376","2012-03-07 00:00:00","2012-03-15 00:00:00","31","0052861"
"73377","2012-03-07 00:00:00","2012-03-10 00:00:00","4","0037759"
"73378","2012-03-07 00:00:00","2012-03-16 00:00:00","6","0016462"
"73379","2012-03-07 00:00:00","2012-03-09 00:00:00","8","0039136"
"73380","2012-03-07 00:00:00","2012-03-12 00:00:00","13","0117094"
"73381","2012-03-08 00:00:00","2012-03-10 00:00:00","52","0083413"
"73382","2012-03-08 00:00:00","2012-03-11 00:00:00","22","0122085"
"73383","2012-03-08 00:00:00","2012-03-10 00:00:00","25","0045619"
"73384","2012-03-08 00:00:00","2012-03-11 00:00:00","2","0012437"
"73385","2012-03-09 00:00:00","2012-03-12 00:00:00","43","0067304"
"73386","2012-03-09 00:00:00","2012-03-17 00:00:00","49","0096114"
"73387","2012-03-09 00:00:00","2012-03-12 00:00:00","10","0041353"
"73388","2012-03-09 00:00:00","2012-03-18 00:00:00","34","0032481"
"73389","2012-03-10 00:00:00","2012-03-16 00:00:00","40","0059411"
"73390","2012-03-10 00:00:00","2012-03-12 00:00:00","38","0013322"
"73391","2012-03-10 00:00:00","2012-03-11 00:00:00","16","0007565"
"73392","2012-03-10 00:00:00","2012-03-11 00:00:00","26","0112122"
"73393","2012-03-10 00:00:00","2012-03-13 00:00:00","27","0064734"
"73394","2012-03-10 00:00:00","2012-03-14 00:00:00","30","0080919"
"73395","2012-03-10 00:00:00","2012-03-15 00:00:00","7","0011614"
"73396","2012-03-10 00:00:00","2012-03-11 00:00:00","18","0039136"
"73397","2012-03-10 00:00:00","2012-03-13 00:00:00","19","0019383"
"73398","2012-03-11 00:00:00","2012-03-13 00:00:00","45","0116204"
"73399","2012-03-11 00:00:00","2012-03-15 00:00:00","54","0018243"
"73400","2012-03-11 00:00:00","2012-03-15 00:00:00","39","0054638"
"73401","2012-03-11 00:00:00","2012-03-12 00:00:00","5","0037759"
"73402","2012-03-11 00:00:00","2012-03-13 00:00:00","4","0044597"
"73403","2012-03-11 00:00:00","2012-03-12 00:00:00","24","0083413"
"73404","2012-03-12 00:00:00","2012-03-15 00:00:00","44","0115692"
"73405","2012-03-12 00:00:00","2012-03-16 00:00:00","55","0007565"
"73406","2012-03-12 00:00:00","2012-03-22 00:00:00","51","0021604"
"73407","2012-03-12 00:00:00","2012-03-21 00:00:00","52","0012437"
"73408","2012-03-12 00:00:00","2012-03-16 00:00:00","14","0067779"
"73409","2012-03-12 00:00:00","2012-03-13 00:00:00","9","0045619"
"73410","2012-03-12 00:00:00","2012-03-15 00:00:00","2","0035819"
"73411","2012-03-12 00:00:00","2012-03-16 00:00:00","47","0041668"
"73412","2012-03-13 00:00:00","2012-03-19 00:00:00","41","0056286"
"73413","2012-03-13 00:00:00","2012-03-14 00:00:00","22","0036989"
"73414","2012-03-13 00:00:00","2012-03-14 00:00:00","23","0083413"
"73415","2012-03-13 00:00:00","2012-03-14 00:00:00","36","0028539"
"73416","2012-03-13 00:00:00","2012-03-18 00:00:00","8","0041353"
"73417","2012-03-13 00:00:00","2012-03-15 00:00:00","11","0088611"
"73418","2012-03-13 00:00:00","2012-03-21 00:00:00","24","0059009"
"73419","2012-03-14 00:00:00","2012-03-15 00:00:00","48","0037759"
"73420","2012-03-14 00:00:00","2012-03-15 00:00:00","38","0045619"
"73421","2012-03-14 00:00:00","2012-03-16 00:00:00","3","0013322"
"73422","2012-03-14 00:00:00","2012-03-21 00:00:00","15","0010399"
"73423","2012-03-14 00:00:00","2012-03-15 00:00:00","5","0103275"
"73424","2012-03-14 00:00:00","2012-03-15 00:00:00","26","0072181"
"73425","2012-03-15 00:00:00","2012-03-16 00:00:00","46","0042735"
"73426","2012-03-15 00:00:00","2012-03-17 00:00:00","42","0064734"
"73427","2012-03-15 00:00:00","2012-03-18 00:00:00","50","0019383"
"73428","2012-03-15 00:00:00","2012-03-17 00:00:00","20","0032946"
"73429","2012-03-15 00:00:00","2012-03-20 00:00:00","37","0116204"
"73430","2012-03-15 00:00:00","2012-03-16 00:00:00","4","0019623"
"73431","2012-03-15 00:00:00","2012-03-18 00:00:00","33","0080919"
"73432","2012-03-16 00:00:00","2012-03-19 00:00:00","23","0036989"
"73433","2012-03-16 00:00:00","2012-03-22 00:00:00","21","0077517"
"73434","2012-03-16 00:00:00","2012-03-17 00:00:00","31","0049743"
"73435","2012-03-16 00:00:00","2012-03-24 00:00:00","35","0024097"
"73436","2012-03-16 00:00:00","2012-03-26 00:00:00","11","0071272"
"73437","2012-03-16 00:00:00","2012-03-17 00:00:00","17","0018243"
"73438","2012-03-16 00:00:00","2012-03-17 00:00:00","18","0088611"
"73439","2012-03-16 00:00:00","2012-03-23 00:00:00","19","0112122"
"73440","2012-03-16 00:00:00","2012-03-18 00:00:00","25","0054864"
"73441","2012-03-16 00:00:00","2012-03-19 00:00:00","29","0083413"
"73442","2012-03-17 00:00:00","2012-03-23 00:00:00","1","0035819"
"73443","2012-03-17 00:00:00","2012-03-20 00:00:00","54","0003483"
"73444","2012-03-17 00:00:00","2012-03-21 00:00:00","38","0019623"
"73445","2012-03-17 00:00:00","2012-03-18 00:00:00","10","0042735"
"73446","2012-03-17 00:00:00","2012-03-18 00:00:00","27","0072181"
"73447","2012-03-17 00:00:00","2012-03-26 00:00:00","7","0016462"
"73448","2012-03-17 00:00:00","2012-03-26 00:00:00","12","0115692"
"73450","2012-03-18 00:00:00","2012-03-20 00:00:00","53","0067779"
"73451","2012-03-18 00:00:00","2012-03-24 00:00:00","5","0011614"
"73452","2012-03-18 00:00:00","2012-03-22 00:00:00","18","0054638"
"73453","2012-03-19 00:00:00","2012-03-23 00:00:00","48","0072181"
"73454","2012-03-19 00:00:00","2012-03-26 00:00:00","55","0096114"
"73455","2012-03-19 00:00:00","2012-03-25 00:00:00","20","0059411"
"73456","2012-03-19 00:00:00","2012-03-26 00:00:00","31","0040079"
"73457","2012-03-19 00:00:00","2012-03-26 00:00:00","34","0049547"
"73458","2012-03-19 00:00:00","2012-03-20 00:00:00","13","0032481"
"73459","2012-03-19 00:00:00","2012-03-20 00:00:00","17","0052861"
"73460","2012-03-20 00:00:00","2012-03-25 00:00:00","14","0042735"
"73461","2012-03-20 00:00:00","2012-03-21 00:00:00","16","0018243"
"73462","2012-03-20 00:00:00","2012-03-23 00:00:00","8","0041353"
"73463","2012-03-20 00:00:00","2012-03-23 00:00:00","29","0007565"
"73464","2012-03-21 00:00:00","2012-03-22 00:00:00","45","0046793"
"73465","2012-03-21 00:00:00","2012-03-27 00:00:00","40","0052861"
"73466","2012-03-21 00:00:00","2012-03-22 00:00:00","39","0067779"
"73467","2012-03-21 00:00:00","2012-03-22 00:00:00","10","0103275"
"73468","2012-03-21 00:00:00","2012-03-23 00:00:00","37","0036989"
"73469","2012-03-21 00:00:00","2012-03-25 00:00:00","6","0003483"
"73470","2012-03-21 00:00:00","2012-03-25 00:00:00","32","0032946"
"73471","2012-03-22 00:00:00","2012-03-26 00:00:00","54","0010399"
"73472","2012-03-22 00:00:00","2012-03-31 00:00:00","23","0013322"
"73473","2012-03-22 00:00:00","2012-03-25 00:00:00","28","0012437"
"73474","2012-03-22 00:00:00","2012-03-30 00:00:00","9","0032481"
"73475","2012-03-22 00:00:00","2012-03-25 00:00:00","17","0117094"
"73476","2012-03-22 00:00:00","2012-03-26 00:00:00","24","0116204"
"73477","2012-03-22 00:00:00","2012-03-26 00:00:00","2","0018243"
"73478","2012-03-23 00:00:00","2012-04-02 00:00:00","45","0037759"
"73479","2012-03-23 00:00:00","2012-03-25 00:00:00","43","0021604"
"73480","2012-03-23 00:00:00","2012-03-24 00:00:00","3","0077517"
"73481","2012-03-23 00:00:00","2012-03-26 00:00:00","26","0059009"
"73482","2012-03-23 00:00:00","2012-04-02 00:00:00","4","0067304"
"73483","2012-03-23 00:00:00","2012-03-26 00:00:00","13","0041668"
"73484","2012-03-23 00:00:00","2012-03-27 00:00:00","47","0019623"
"73485","2012-03-24 00:00:00","2012-03-28 00:00:00","53","0009037"
"73486","2012-03-24 00:00:00","2012-03-25 00:00:00","16","0064734"
"73487","2012-03-24 00:00:00","2012-03-27 00:00:00","8","0072181"
"73488","2012-03-25 00:00:00","2012-03-26 00:00:00","46","0024097"
"73489","2012-03-25 00:00:00","2012-03-28 00:00:00","49","0065101"
"73490","2012-03-25 00:00:00","2012-03-30 00:00:00","39","0041353"
"73491","2012-03-25 00:00:00","2012-03-26 00:00:00","22","0112122"
"73492","2012-03-26 00:00:00","2012-03-29 00:00:00","52","0012437"
"73493","2012-03-26 00:00:00","2012-04-03 00:00:00","14","0000350"
"73494","2012-03-26 00:00:00","2012-03-27 00:00:00","30","0077517"
"73495","2012-03-26 00:00:00","2012-04-05 00:00:00","6","0115752"
"73496","2012-03-26 00:00:00","2012-04-01 00:00:00","19","0083413"
"73497","2012-03-27 00:00:00","2012-04-06 00:00:00","1","0088611"
"73498","2012-03-27 00:00:00","2012-03-28 00:00:00","41","0096114"
"73499","2012-03-27 00:00:00","2012-03-30 00:00:00","50","0042735"
"73500","2012-03-27 00:00:00","2012-03-28 00:00:00","3","0059009"
"73501","2012-03-27 00:00:00","2012-04-01 00:00:00","10","0016462"
"73502","2012-03-27 00:00:00","2012-04-01 00:00:00","31","0039136"
"73503","2012-03-27 00:00:00","2012-04-03 00:00:00","36","0117094"
"73504","2012-03-27 00:00:00","2012-04-04 00:00:00","18","0032946"
"73505","2012-03-27 00:00:00","2012-03-29 00:00:00","25","0046793"
"73506","2012-03-27 00:00:00","2012-04-03 00:00:00","29","0049743"
"73507","2012-03-27 00:00:00","2012-03-30 00:00:00","32","0116204"
"73508","2012-03-27 00:00:00","2012-03-28 00:00:00","33","0040079"
"73509","2012-03-28 00:00:00","2012-04-05 00:00:00","43","0071272"
"73510","2012-03-28 00:00:00","2012-03-30 00:00:00","54","0041668"
"73511","2012-03-28 00:00:00","2012-04-05 00:00:00","22","0081817"
"73512","2012-03-28 00:00:00","2012-04-06 00:00:00","26","0077517"
"73513","2012-03-28 00:00:00","2012-04-02 00:00:00","27","0052861"
"73514","2012-03-28 00:00:00","2012-04-02 00:00:00","37","0071609"
"73515","2012-03-28 00:00:00","2012-04-01 00:00:00","17","0054638"
"73516","2012-03-29 00:00:00","2012-04-05 00:00:00","48","0064734"
"73517","2012-03-29 00:00:00","2012-04-01 00:00:00","51","0067779"
"73518","2012-03-29 00:00:00","2012-04-01 00:00:00","16","0009037"
"73519","2012-03-29 00:00:00","2012-04-05 00:00:00","34","0018243"
"73520","2012-03-29 00:00:00","2012-03-31 00:00:00","12","0028539"
"73521","2012-03-29 00:00:00","2012-04-01 00:00:00","47","0010399"
"73522","2012-03-30 00:00:00","2012-04-04 00:00:00","49","0103275"
"73523","2012-03-30 00:00:00","2012-04-02 00:00:00","3","0036989"
"73524","2012-03-30 00:00:00","2012-04-03 00:00:00","15","0096114"
"73525","2012-03-30 00:00:00","2012-04-08 00:00:00","30","0035819"
"73526","2012-03-30 00:00:00","2012-03-31 00:00:00","8","0046793"
"73527","2012-03-31 00:00:00","2012-04-06 00:00:00","41","0042735"
"73528","2012-03-31 00:00:00","2012-04-03 00:00:00","52","0041668"
"73529","2012-03-31 00:00:00","2012-04-06 00:00:00","33","0024097"
"73530","2012-04-01 00:00:00","2012-04-03 00:00:00","44","0013322"
"73531","2012-04-01 00:00:00","2012-04-02 00:00:00","55","0116204"
"73532","2012-04-01 00:00:00","2012-04-06 00:00:00","53","0041353"
"73533","2012-04-01 00:00:00","2012-04-04 00:00:00","24","0032481"
"73534","2012-04-02 00:00:00","2012-04-05 00:00:00","39","0115692"
"73535","2012-04-02 00:00:00","2012-04-04 00:00:00","35","0046793"
"73536","2012-04-02 00:00:00","2012-04-04 00:00:00","9","0112122"
"73537","2012-04-02 00:00:00","2012-04-03 00:00:00","25","0009037"
"73538","2012-04-03 00:00:00","2012-04-06 00:00:00","42","0083413"
"73539","2012-04-03 00:00:00","2012-04-04 00:00:00","51","0116204"
"73540","2012-04-03 00:00:00","2012-04-05 00:00:00","38","0052861"
"73541","2012-04-03 00:00:00","2012-04-11 00:00:00","23","0122085"
"73542","2012-04-03 00:00:00","2012-04-05 00:00:00","21","0036989"
"73543","2012-04-03 00:00:00","2012-04-10 00:00:00","28","0010399"
"73544","2012-04-03 00:00:00","2012-04-07 00:00:00","12","0019623"
"73545","2012-04-03 00:00:00","2012-04-08 00:00:00","13","0071609"
"73546","2012-04-04 00:00:00","2012-04-13 00:00:00","45","0007565"
"73547","2012-04-04 00:00:00","2012-04-07 00:00:00","20","0067779"
"73548","2012-04-04 00:00:00","2012-04-08 00:00:00","27","0040079"
"73549","2012-04-04 00:00:00","2012-04-14 00:00:00","31","0059009"
"73550","2012-04-04 00:00:00","2012-04-06 00:00:00","4","0067304"
"73551","2012-04-04 00:00:00","2012-04-07 00:00:00","7","0013322"
"73552","2012-04-04 00:00:00","2012-04-05 00:00:00","17","0009037"
"73553","2012-04-05 00:00:00","2012-04-07 00:00:00","44","0072181"
"73554","2012-04-05 00:00:00","2012-04-11 00:00:00","54","0117094"
"73555","2012-04-05 00:00:00","2012-04-06 00:00:00","50","0112122"
"73556","2012-04-05 00:00:00","2012-04-06 00:00:00","52","0116204"
"73557","2012-04-05 00:00:00","2012-04-06 00:00:00","16","0028539"
"73558","2012-04-05 00:00:00","2012-04-07 00:00:00","8","0032946"
"73559","2012-04-05 00:00:00","2012-04-06 00:00:00","11","0065101"
"73560","2012-04-05 00:00:00","2012-04-06 00:00:00","25","0046793"
"73561","2012-04-06 00:00:00","2012-04-08 00:00:00","22","0080919"
"73562","2012-04-06 00:00:00","2012-04-07 00:00:00","10","0064734"
"73563","2012-04-06 00:00:00","2012-04-08 00:00:00","37","0011614"
"73564","2012-04-06 00:00:00","2012-04-08 00:00:00","6","0037759"
"73565","2012-04-06 00:00:00","2012-04-13 00:00:00","24","0103275"
"73566","2012-04-07 00:00:00","2012-04-12 00:00:00","1","0046793"
"73567","2012-04-07 00:00:00","2012-04-16 00:00:00","42","0016462"
"73568","2012-04-07 00:00:00","2012-04-12 00:00:00","14","0036989"
"73569","2012-04-07 00:00:00","2012-04-08 00:00:00","21","0077517"
"73570","2012-04-07 00:00:00","2012-04-09 00:00:00","18","0024097"
"73571","2012-04-07 00:00:00","2012-04-11 00:00:00","32","0115752"
"73572","2012-04-07 00:00:00","2012-04-12 00:00:00","2","0028539"
"73573","2012-04-08 00:00:00","2012-04-12 00:00:00","46","0065101"
"73574","2012-04-08 00:00:00","2012-04-11 00:00:00","43","0067304"
"73575","2012-04-08 00:00:00","2012-04-16 00:00:00","48","0054638"
"73576","2012-04-08 00:00:00","2012-04-09 00:00:00","49","0067779"
"73577","2012-04-08 00:00:00","2012-04-10 00:00:00","39","0032481"
"73578","2012-04-08 00:00:00","2012-04-13 00:00:00","15","0072181"
"73579","2012-04-08 00:00:00","2012-04-09 00:00:00","5","0018243"
"73580","2012-04-08 00:00:00","2012-04-17 00:00:00","20","0009037"
"73581","2012-04-08 00:00:00","2012-04-11 00:00:00","34","0019623"
"73582","2012-04-08 00:00:00","2012-04-10 00:00:00","7","0049547"
"73583","2012-04-08 00:00:00","2012-04-14 00:00:00","12","0096114"
"73584","2012-04-08 00:00:00","2012-04-10 00:00:00","25","0019383"
"73585","2012-04-08 00:00:00","2012-04-12 00:00:00","29","0064734"
"73586","2012-04-09 00:00:00","2012-04-11 00:00:00","53","0021604"
"73587","2012-04-09 00:00:00","2012-04-10 00:00:00","38","0071609"
"73588","2012-04-09 00:00:00","2012-04-14 00:00:00","10","0077517"
"73589","2012-04-09 00:00:00","2012-04-11 00:00:00","30","0011614"
"73590","2012-04-09 00:00:00","2012-04-11 00:00:00","36","0040079"
"73591","2012-04-09 00:00:00","2012-04-11 00:00:00","4","0045619"
"73592","2012-04-10 00:00:00","2012-04-13 00:00:00","40","0035819"
"73593","2012-04-10 00:00:00","2012-04-16 00:00:00","50","0080919"
"73594","2012-04-10 00:00:00","2012-04-15 00:00:00","9","0049743"
"73595","2012-04-11 00:00:00","2012-04-12 00:00:00","51","0044597"
"73596","2012-04-11 00:00:00","2012-04-18 00:00:00","5","0116204"
"73597","2012-04-11 00:00:00","2012-04-14 00:00:00","28","0012437"
"73598","2012-04-12 00:00:00","2012-04-18 00:00:00","23","0011614"
"73599","2012-04-12 00:00:00","2012-04-18 00:00:00","26","0010399"
"73600","2012-04-12 00:00:00","2012-04-13 00:00:00","17","0032481"
"73601","2012-04-12 00:00:00","2012-04-14 00:00:00","19","0019623"
"73602","2012-04-12 00:00:00","2012-04-14 00:00:00","33","0071609"
"73603","2012-04-13 00:00:00","2012-04-14 00:00:00","46","0024097"
"73604","2012-04-13 00:00:00","2012-04-16 00:00:00","41","0067304"
"73605","2012-04-13 00:00:00","2012-04-14 00:00:00","55","0064734"
"73606","2012-04-13 00:00:00","2012-04-15 00:00:00","49","0046793"
"73607","2012-04-13 00:00:00","2012-04-14 00:00:00","38","0021604"
"73608","2012-04-13 00:00:00","2012-04-17 00:00:00","27","0115752"
"73609","2012-04-13 00:00:00","2012-04-15 00:00:00","34","0042735"
"73610","2012-04-13 00:00:00","2012-04-15 00:00:00","35","0065101"
"73611","2012-04-13 00:00:00","2012-04-15 00:00:00","7","0019383"
"73612","2012-04-13 00:00:00","2012-04-15 00:00:00","8","0122085"
"73613","2012-04-13 00:00:00","2012-04-14 00:00:00","18","0044597"
"73614","2012-04-13 00:00:00","2012-04-14 00:00:00","29","0000350"
"73615","2012-04-14 00:00:00","2012-04-18 00:00:00","43","0059411"
"73616","2012-04-14 00:00:00","2012-04-15 00:00:00","52","0007565"
"73617","2012-04-14 00:00:00","2012-04-16 00:00:00","3","0072181"
"73618","2012-04-14 00:00:00","2012-04-15 00:00:00","36","0018243"
"73619","2012-04-14 00:00:00","2012-04-16 00:00:00","4","0036989"
"73620","2012-04-14 00:00:00","2012-04-17 00:00:00","32","0032481"
"73621","2012-04-15 00:00:00","2012-04-16 00:00:00","55","0056286"
"73622","2012-04-15 00:00:00","2012-04-17 00:00:00","38","0103275"
"73623","2012-04-15 00:00:00","2012-04-16 00:00:00","28","0083413"
"73624","2012-04-15 00:00:00","2012-04-22 00:00:00","31","0054864"
"73625","2012-04-15 00:00:00","2012-04-18 00:00:00","6","0059009"
"73626","2012-04-15 00:00:00","2012-04-16 00:00:00","11","0024097"
"73627","2012-04-16 00:00:00","2012-04-24 00:00:00","40","0007565"
"73628","2012-04-16 00:00:00","2012-04-18 00:00:00","22","0042735"
"73629","2012-04-16 00:00:00","2012-04-19 00:00:00","37","0122085"
"73630","2012-04-16 00:00:00","2012-04-18 00:00:00","12","0041668"
"73631","2012-04-17 00:00:00","2012-04-19 00:00:00","49","0056286"
"73632","2012-04-17 00:00:00","2012-04-21 00:00:00","16","0000350"
"73633","2012-04-17 00:00:00","2012-04-24 00:00:00","18","0115692"
"73634","2012-04-17 00:00:00","2012-04-24 00:00:00","19","0065101"
"73635","2012-04-17 00:00:00","2012-04-20 00:00:00","29","0018243"
"73636","2012-04-17 00:00:00","2012-04-18 00:00:00","33","0044597"
"73637","2012-04-17 00:00:00","2012-04-23 00:00:00","2","0054638"
"73638","2012-04-18 00:00:00","2012-04-21 00:00:00","45","0024097"
"73639","2012-04-18 00:00:00","2012-04-21 00:00:00","54","0080919"
"73640","2012-04-18 00:00:00","2012-04-20 00:00:00","52","0041353"
"73641","2012-04-18 00:00:00","2012-04-25 00:00:00","38","0077517"
"73642","2012-04-18 00:00:00","2012-04-25 00:00:00","3","0088611"
"73643","2012-04-18 00:00:00","2012-04-21 00:00:00","14","0037759"
"73644","2012-04-18 00:00:00","2012-04-19 00:00:00","21","0009037"
"73645","2012-04-18 00:00:00","2012-04-24 00:00:00","35","0013322"
"73646","2012-04-18 00:00:00","2012-04-24 00:00:00","4","0016462"
"73647","2012-04-18 00:00:00","2012-04-26 00:00:00","7","0032946"
"73648","2012-04-18 00:00:00","2012-04-21 00:00:00","9","0067779"
"73649","2012-04-18 00:00:00","2012-04-21 00:00:00","25","0072181"
"73650","2012-04-19 00:00:00","2012-04-20 00:00:00","1","0010399"
"73651","2012-04-19 00:00:00","2012-04-23 00:00:00","53","0115752"
"73652","2012-04-19 00:00:00","2012-04-25 00:00:00","23","0081817"
"73653","2012-04-19 00:00:00","2012-04-24 00:00:00","27","0044597"
"73654","2012-04-19 00:00:00","2012-04-22 00:00:00","8","0042735"
"73655","2012-04-19 00:00:00","2012-04-20 00:00:00","13","0059009"
"73656","2012-04-20 00:00:00","2012-04-21 00:00:00","44","0083413"
"73657","2012-04-20 00:00:00","2012-04-23 00:00:00","43","0064734"
"73658","2012-04-20 00:00:00","2012-04-26 00:00:00","42","0116204"
"73659","2012-04-20 00:00:00","2012-04-25 00:00:00","10","0056286"
"73660","2012-04-20 00:00:00","2012-04-22 00:00:00","21","0041668"
"73661","2012-04-20 00:00:00","2012-04-22 00:00:00","17","0117094"
"73662","2012-04-21 00:00:00","2012-04-23 00:00:00","11","0041353"
"73663","2012-04-21 00:00:00","2012-04-29 00:00:00","24","0019623"
"73664","2012-04-22 00:00:00","2012-04-26 00:00:00","1","0040079"
"73665","2012-04-22 00:00:00","2012-04-23 00:00:00","46","0072181"
"73666","2012-04-22 00:00:00","2012-04-26 00:00:00","49","0045619"
"73667","2012-04-22 00:00:00","2012-04-29 00:00:00","39","0010399"
"73668","2012-04-22 00:00:00","2012-05-01 00:00:00","16","0028539"
"73669","2012-04-22 00:00:00","2012-04-27 00:00:00","13","0080919"
"73670","2012-04-22 00:00:00","2012-04-25 00:00:00","32","0018243"
"73671","2012-04-23 00:00:00","2012-04-24 00:00:00","44","0011614"
"73672","2012-04-23 00:00:00","2012-04-26 00:00:00","41","0054864"
"73673","2012-04-23 00:00:00","2012-05-01 00:00:00","54","0035819"
"73674","2012-04-23 00:00:00","2012-04-30 00:00:00","26","0067779"
"73675","2012-04-24 00:00:00","2012-04-27 00:00:00","46","0039136"
"73676","2012-04-24 00:00:00","2012-04-25 00:00:00","51","0064734"
"73677","2012-04-24 00:00:00","2012-04-26 00:00:00","50","0054638"
"73678","2012-04-24 00:00:00","2012-04-25 00:00:00","20","0042735"
"73679","2012-04-25 00:00:00","2012-04-29 00:00:00","21","0011614"
"73680","2012-04-24 00:00:00","2012-04-30 00:00:00","25","0115752"
"73681","2012-04-25 00:00:00","2012-05-01 00:00:00","48","0083413"
"73682","2012-04-25 00:00:00","2012-04-26 00:00:00","55","0112122"
"73683","2012-04-25 00:00:00","2012-05-01 00:00:00","30","0041668"
"73684","2012-04-25 00:00:00","2012-04-29 00:00:00","36","0013322"
"73685","2012-04-25 00:00:00","2012-05-01 00:00:00","4","0009037"
"73686","2012-04-25 00:00:00","2012-05-01 00:00:00","8","0024097"
"73687","2012-04-26 00:00:00","2012-05-02 00:00:00","53","0007565"
"73688","2012-04-26 00:00:00","2012-04-28 00:00:00","52","0072181"
"73689","2012-04-26 00:00:00","2012-04-27 00:00:00","15","0018243"
"73690","2012-04-26 00:00:00","2012-04-29 00:00:00","11","0037759"
"73691","2012-04-26 00:00:00","2012-04-27 00:00:00","33","0042735"
"73692","2012-04-26 00:00:00","2012-04-28 00:00:00","2","0049547"
"73693","2012-04-27 00:00:00","2012-04-29 00:00:00","45","0081817"
"73694","2012-04-27 00:00:00","2012-05-03 00:00:00","49","0059411"
"73695","2012-04-27 00:00:00","2012-05-03 00:00:00","50","0056286"
"73696","2012-04-27 00:00:00","2012-05-02 00:00:00","3","0088611"
"73697","2012-04-27 00:00:00","2012-05-02 00:00:00","7","0000350"
"73698","2012-04-27 00:00:00","2012-04-30 00:00:00","18","0112122"
"73699","2012-04-27 00:00:00","2012-04-30 00:00:00","19","0044597"
"73700","2012-04-27 00:00:00","2012-04-28 00:00:00","47","0032946"
"73701","2012-04-28 00:00:00","2012-05-02 00:00:00","41","0064734"
"73702","2012-04-28 00:00:00","2012-05-02 00:00:00","51","0059009"
"73703","2012-04-28 00:00:00","2012-05-04 00:00:00","38","0116204"
"73704","2012-04-28 00:00:00","2012-05-02 00:00:00","14","0045619"
"73705","2012-04-28 00:00:00","2012-04-29 00:00:00","22","0039136"
"73706","2012-04-28 00:00:00","2012-05-03 00:00:00","34","0040079"
"73707","2012-04-28 00:00:00","2012-04-29 00:00:00","6","0080919"
"73708","2012-04-28 00:00:00","2012-05-02 00:00:00","32","0122085"
"73709","2012-04-29 00:00:00","2012-05-05 00:00:00","1","0019383"
"73710","2012-04-29 00:00:00","2012-05-01 00:00:00","28","0067304"
"73711","2012-04-29 00:00:00","2012-05-04 00:00:00","37","0018243"
"73712","2012-04-30 00:00:00","2012-05-06 00:00:00","43","0011614"
"73713","2012-04-30 00:00:00","2012-05-01 00:00:00","40","0081817"
"73714","2012-04-30 00:00:00","2012-05-02 00:00:00","15","0032946"
"73715","2012-04-30 00:00:00","2012-05-06 00:00:00","5","0049743"
"73716","2012-04-30 00:00:00","2012-05-01 00:00:00","21","0080919"
"73717","2012-04-30 00:00:00","2012-05-07 00:00:00","27","0019623"
"73718","2012-04-30 00:00:00","2012-05-01 00:00:00","31","0010399"
"73719","2012-04-30 00:00:00","2012-05-03 00:00:00","17","0013322"
"73720","2012-04-30 00:00:00","2012-05-04 00:00:00","29","0016462"
"73721","2012-05-01 00:00:00","2012-05-07 00:00:00","36","0112122"
"73722","2012-05-01 00:00:00","2012-05-03 00:00:00","6","0071609"
"73723","2012-05-01 00:00:00","2012-05-07 00:00:00","25","0036989"
"73725","2012-05-02 00:00:00","2012-05-05 00:00:00","46","0028539"
"73726","2012-05-02 00:00:00","2012-05-03 00:00:00","39","0072181"
"73727","2012-05-02 00:00:00","2012-05-04 00:00:00","21","0032481"
"73728","2012-05-02 00:00:00","2012-05-03 00:00:00","26","0049547"
"73729","2012-05-02 00:00:00","2012-05-04 00:00:00","11","0035819"
"73730","2012-05-02 00:00:00","2012-05-03 00:00:00","12","0041668"
"73731","2012-05-02 00:00:00","2012-05-03 00:00:00","13","0081817"
"73732","2012-05-02 00:00:00","2012-05-08 00:00:00","24","0054638"
"73733","2012-05-02 00:00:00","2012-05-09 00:00:00","33","0115752"
"73734","2012-05-03 00:00:00","2012-05-05 00:00:00","45","0052861"
"73735","2012-05-03 00:00:00","2012-05-12 00:00:00","53","0042735"
"73736","2012-05-03 00:00:00","2012-05-09 00:00:00","52","0045619"
"73737","2012-05-03 00:00:00","2012-05-06 00:00:00","23","0083413"
"73738","2012-05-03 00:00:00","2012-05-04 00:00:00","19","0003483"
"73739","2012-05-04 00:00:00","2012-05-08 00:00:00","44","0046793"
"73740","2012-05-04 00:00:00","2012-05-05 00:00:00","42","0040079"
"73741","2012-05-04 00:00:00","2012-05-10 00:00:00","40","0067779"
"73742","2012-05-04 00:00:00","2012-05-05 00:00:00","48","0049547"
"73743","2012-05-04 00:00:00","2012-05-06 00:00:00","54","0041668"
"73744","2012-05-04 00:00:00","2012-05-06 00:00:00","51","0054864"
"73745","2012-05-04 00:00:00","2012-05-08 00:00:00","50","0041353"
"73746","2012-05-04 00:00:00","2012-05-07 00:00:00","16","0059411"
"73747","2012-05-04 00:00:00","2012-05-10 00:00:00","10","0103275"
"73748","2012-05-04 00:00:00","2012-05-09 00:00:00","20","0122085"
"73749","2012-05-04 00:00:00","2012-05-08 00:00:00","30","0064734"
"73750","2012-05-04 00:00:00","2012-05-06 00:00:00","13","0072181"
"73751","2012-05-05 00:00:00","2012-05-13 00:00:00","55","0021604"
"73752","2012-05-05 00:00:00","2012-05-10 00:00:00","49","0037759"
"73753","2012-05-05 00:00:00","2012-05-06 00:00:00","3","0032481"
"73754","2012-05-05 00:00:00","2012-05-06 00:00:00","14","0010399"
"73755","2012-05-05 00:00:00","2012-05-10 00:00:00","37","0088611"
"73756","2012-05-05 00:00:00","2012-05-08 00:00:00","8","0018243"
"73757","2012-05-05 00:00:00","2012-05-10 00:00:00","29","0115692"
"73758","2012-05-05 00:00:00","2012-05-11 00:00:00","47","0003483"
"73759","2012-05-06 00:00:00","2012-05-13 00:00:00","41","0049547"
"73760","2012-05-06 00:00:00","2012-05-07 00:00:00","38","0096114"
"73761","2012-05-06 00:00:00","2012-05-07 00:00:00","15","0040079"
"73762","2012-05-06 00:00:00","2012-05-10 00:00:00","4","0028539"
"73763","2012-05-06 00:00:00","2012-05-08 00:00:00","6","0052861"
"73764","2012-05-07 00:00:00","2012-05-11 00:00:00","1","0054864"
"73765","2012-05-07 00:00:00","2012-05-15 00:00:00","42","0012437"
"73766","2012-05-07 00:00:00","2012-05-08 00:00:00","3","0071609"
"73767","2012-05-07 00:00:00","2012-05-11 00:00:00","35","0041668"
"73768","2012-05-07 00:00:00","2012-05-11 00:00:00","9","0019383"
"73769","2012-05-07 00:00:00","2012-05-11 00:00:00","17","0010399"
"73770","2012-05-07 00:00:00","2012-05-10 00:00:00","32","0083413"
"73771","2012-05-08 00:00:00","2012-05-10 00:00:00","16","0081817"
"73772","2012-05-08 00:00:00","2012-05-10 00:00:00","22","0019623"
"73773","2012-05-08 00:00:00","2012-05-10 00:00:00","27","0080919"
"73774","2012-05-08 00:00:00","2012-05-09 00:00:00","28","0036989"
"73775","2012-05-08 00:00:00","2012-05-09 00:00:00","25","0049743"
"73776","2012-05-09 00:00:00","2012-05-11 00:00:00","43","0046793"
"73777","2012-05-09 00:00:00","2012-05-14 00:00:00","50","0071609"
"73778","2012-05-09 00:00:00","2012-05-14 00:00:00","34","0040079"
"73779","2012-05-09 00:00:00","2012-05-15 00:00:00","6","0065101"
"73780","2012-05-09 00:00:00","2012-05-16 00:00:00","8","0112122"
"73781","2012-05-09 00:00:00","2012-05-10 00:00:00","24","0009037"
"73782","2012-05-09 00:00:00","2012-05-13 00:00:00","2","0018243"
"73783","2012-05-10 00:00:00","2012-05-16 00:00:00","46","0054638"
"73784","2012-05-10 00:00:00","2012-05-19 00:00:00","52","0077517"
"73785","2012-05-10 00:00:00","2012-05-19 00:00:00","28","0036989"
"73786","2012-05-11 00:00:00","2012-05-15 00:00:00","45","0000350"
"73787","2012-05-11 00:00:00","2012-05-17 00:00:00","16","0009037"
"73788","2012-05-11 00:00:00","2012-05-13 00:00:00","23","0019623"
"73789","2012-05-11 00:00:00","2012-05-18 00:00:00","5","0083413"
"73790","2012-05-11 00:00:00","2012-05-18 00:00:00","18","0007565"
"73791","2012-05-11 00:00:00","2012-05-15 00:00:00","32","0024097"
"73792","2012-05-12 00:00:00","2012-05-17 00:00:00","48","0019383"
"73793","2012-05-12 00:00:00","2012-05-18 00:00:00","20","0011614"
"73794","2012-05-12 00:00:00","2012-05-16 00:00:00","31","0003483"
"73795","2012-05-12 00:00:00","2012-05-13 00:00:00","35","0013322"
"73796","2012-05-12 00:00:00","2012-05-16 00:00:00","7","0080919"
"73797","2012-05-12 00:00:00","2012-05-18 00:00:00","12","0037759"
"73798","2012-05-12 00:00:00","2012-05-14 00:00:00","25","0067779"
"73799","2012-05-13 00:00:00","2012-05-17 00:00:00","39","0072181"
"73800","2012-05-13 00:00:00","2012-05-17 00:00:00","26","0042735"
"73801","2012-05-13 00:00:00","2012-05-18 00:00:00","30","0010399"
"73802","2012-05-13 00:00:00","2012-05-15 00:00:00","37","0088611"
"73803","2012-05-14 00:00:00","2012-05-17 00:00:00","1","0064734"
"73804","2012-05-14 00:00:00","2012-05-16 00:00:00","43","0117094"
"73805","2012-05-14 00:00:00","2012-05-23 00:00:00","53","0059411"
"73806","2012-05-14 00:00:00","2012-05-21 00:00:00","15","0032481"
"73807","2012-05-14 00:00:00","2012-05-18 00:00:00","36","0013322"
"73808","2012-05-14 00:00:00","2012-05-15 00:00:00","11","0021604"
"73809","2012-05-14 00:00:00","2012-05-24 00:00:00","17","0122085"
"73810","2012-05-14 00:00:00","2012-05-15 00:00:00","47","0096114"
"73811","2012-05-15 00:00:00","2012-05-22 00:00:00","54","0049547"
"73812","2012-05-15 00:00:00","2012-05-18 00:00:00","23","0045619"
"73813","2012-05-15 00:00:00","2012-05-16 00:00:00","10","0071609"
"73814","2012-05-15 00:00:00","2012-05-16 00:00:00","21","0067779"
"73815","2012-05-15 00:00:00","2012-05-20 00:00:00","13","0115752"
"73816","2012-05-15 00:00:00","2012-05-22 00:00:00","19","0041353"
"73817","2012-05-16 00:00:00","2012-05-22 00:00:00","44","0016462"
"73818","2012-05-16 00:00:00","2012-05-23 00:00:00","42","0032946"
"73819","2012-05-16 00:00:00","2012-05-18 00:00:00","40","0081817"
"73820","2012-05-16 00:00:00","2012-05-18 00:00:00","49","0039136"
"73821","2012-05-17 00:00:00","2012-05-20 00:00:00","51","0065101"
"73822","2012-05-17 00:00:00","2012-05-24 00:00:00","37","0096114"
"73823","2012-05-17 00:00:00","2012-05-18 00:00:00","9","0054638"
"73824","2012-05-17 00:00:00","2012-05-26 00:00:00","32","0019623"
"73825","2012-05-17 00:00:00","2012-05-20 00:00:00","33","0024097"
"73826","2012-05-18 00:00:00","2012-05-20 00:00:00","45","0044597"
"73827","2012-05-18 00:00:00","2012-05-20 00:00:00","43","0117094"
"73828","2012-05-18 00:00:00","2012-05-25 00:00:00","41","0009037"
"73829","2012-05-18 00:00:00","2012-05-21 00:00:00","16","0056286"
"73830","2012-05-18 00:00:00","2012-05-19 00:00:00","31","0042735"
"73831","2012-05-18 00:00:00","2012-05-19 00:00:00","11","0035819"
"73832","2012-05-19 00:00:00","2012-05-20 00:00:00","1","0059009"
"73833","2012-05-19 00:00:00","2012-05-24 00:00:00","38","0019383"
"73834","2012-05-19 00:00:00","2012-05-21 00:00:00","3","0081817"
"73835","2012-05-19 00:00:00","2012-05-20 00:00:00","14","0007565"
"73836","2012-05-19 00:00:00","2012-05-20 00:00:00","22","0037759"
"73837","2012-05-19 00:00:00","2012-05-23 00:00:00","10","0045619"
"73838","2012-05-19 00:00:00","2012-05-23 00:00:00","21","0080919"
"73839","2012-05-19 00:00:00","2012-05-20 00:00:00","8","0083413"
"73840","2012-05-19 00:00:00","2012-05-24 00:00:00","24","0116204"
"73841","2012-05-20 00:00:00","2012-05-23 00:00:00","46","0103275"
"73842","2012-05-20 00:00:00","2012-05-23 00:00:00","40","0067304"
"73843","2012-05-20 00:00:00","2012-05-24 00:00:00","39","0035819"
"73844","2012-05-20 00:00:00","2012-05-21 00:00:00","26","0054638"
"73845","2012-05-20 00:00:00","2012-05-21 00:00:00","31","0064734"
"73846","2012-05-20 00:00:00","2012-05-22 00:00:00","4","0036989"
"73847","2012-05-20 00:00:00","2012-05-21 00:00:00","29","0077517"
"73848","2012-05-21 00:00:00","2012-05-22 00:00:00","49","0083413"
"73849","2012-05-21 00:00:00","2012-05-27 00:00:00","52","0041668"
"73850","2012-05-21 00:00:00","2012-05-25 00:00:00","22","0088611"
"73851","2012-05-21 00:00:00","2012-05-26 00:00:00","23","0054864"
"73852","2012-05-21 00:00:00","2012-05-22 00:00:00","30","0003483"
"73853","2012-05-21 00:00:00","2012-05-24 00:00:00","35","0071272"
"73854","2012-05-21 00:00:00","2012-05-23 00:00:00","7","0044597"
"73855","2012-05-21 00:00:00","2012-05-28 00:00:00","9","0010399"
"73856","2012-05-21 00:00:00","2012-05-24 00:00:00","13","0028539"
"73857","2012-05-21 00:00:00","2012-05-23 00:00:00","2","0059009"
"73858","2012-05-22 00:00:00","2012-05-23 00:00:00","43","0081817"
"73859","2012-05-22 00:00:00","2012-05-26 00:00:00","28","0037759"
"73860","2012-05-23 00:00:00","2012-05-25 00:00:00","55","0049547"
"73861","2012-05-23 00:00:00","2012-06-02 00:00:00","14","0024097"
"73862","2012-05-23 00:00:00","2012-05-25 00:00:00","5","0032481"
"73863","2012-05-23 00:00:00","2012-05-26 00:00:00","36","0064734"
"73864","2012-05-23 00:00:00","2012-05-25 00:00:00","33","0115692"
"73865","2012-05-24 00:00:00","2012-05-28 00:00:00","50","0059411"
"73866","2012-05-24 00:00:00","2012-05-25 00:00:00","15","0052861"
"73867","2012-05-24 00:00:00","2012-05-26 00:00:00","16","0044597"
"73868","2012-05-24 00:00:00","2012-05-28 00:00:00","21","0042735"
"73869","2012-05-24 00:00:00","2012-05-25 00:00:00","34","0045619"
"73870","2012-05-24 00:00:00","2012-05-29 00:00:00","25","0032946"
"73871","2012-05-24 00:00:00","2012-05-29 00:00:00","29","0112122"
"73872","2012-05-24 00:00:00","2012-05-25 00:00:00","2","0016462"
"73873","2012-05-25 00:00:00","2012-05-30 00:00:00","45","0021604"
"73874","2012-05-25 00:00:00","2012-06-01 00:00:00","51","0081817"
"73875","2012-05-25 00:00:00","2012-06-03 00:00:00","38","0041353"
"73876","2012-05-25 00:00:00","2012-05-27 00:00:00","10","0116204"
"73877","2012-05-25 00:00:00","2012-05-27 00:00:00","30","0049743"
"73878","2012-05-25 00:00:00","2012-06-01 00:00:00","31","0080919"
"73879","2012-05-25 00:00:00","2012-05-30 00:00:00","37","0011614"
"73880","2012-05-25 00:00:00","2012-06-03 00:00:00","19","0115752"
"73881","2012-05-25 00:00:00","2012-05-27 00:00:00","24","0103275"
"73882","2012-05-25 00:00:00","2012-05-27 00:00:00","47","0019383"
"73883","2012-05-26 00:00:00","2012-06-04 00:00:00","40","0018243"
"73884","2012-05-26 00:00:00","2012-05-27 00:00:00","48","0009037"
"73885","2012-05-26 00:00:00","2012-05-29 00:00:00","39","0000350"
"73886","2012-05-26 00:00:00","2012-05-30 00:00:00","15","0036989"
"73887","2012-05-26 00:00:00","2012-05-27 00:00:00","22","0071272"
"73888","2012-05-26 00:00:00","2012-05-28 00:00:00","20","0122085"
"73889","2012-05-26 00:00:00","2012-05-27 00:00:00","7","0028539"
"73890","2012-05-26 00:00:00","2012-05-28 00:00:00","12","0046793"
"73891","2012-05-27 00:00:00","2012-05-30 00:00:00","1","0052861"
"73892","2012-05-27 00:00:00","2012-06-01 00:00:00","54","0037759"
"73893","2012-05-27 00:00:00","2012-06-01 00:00:00","49","0044597"
"73894","2012-05-27 00:00:00","2012-05-30 00:00:00","26","0054864"
"73895","2012-05-27 00:00:00","2012-05-28 00:00:00","27","0083413"
"73896","2012-05-27 00:00:00","2012-06-01 00:00:00","8","0115692"
"73897","2012-05-27 00:00:00","2012-05-31 00:00:00","18","0032481"
"73898","2012-05-28 00:00:00","2012-06-01 00:00:00","55","0071272"
"73899","2012-05-28 00:00:00","2012-06-02 00:00:00","53","0009037"
"73900","2012-05-28 00:00:00","2012-05-30 00:00:00","34","0064734"
"73901","2012-05-28 00:00:00","2012-05-29 00:00:00","6","0019383"
"73902","2012-05-28 00:00:00","2012-06-01 00:00:00","2","0103275"
"73903","2012-05-29 00:00:00","2012-05-30 00:00:00","43","0122085"
"73904","2012-05-29 00:00:00","2012-05-30 00:00:00","50","0041668"
"73905","2012-05-29 00:00:00","2012-05-31 00:00:00","22","0116204"
"73906","2012-05-29 00:00:00","2012-06-06 00:00:00","28","0071609"
"73907","2012-05-29 00:00:00","2012-05-30 00:00:00","13","0077517"
"73908","2012-05-30 00:00:00","2012-06-01 00:00:00","44","0042735"
"73909","2012-05-30 00:00:00","2012-05-31 00:00:00","7","0019623"
"73910","2012-05-30 00:00:00","2012-06-06 00:00:00","12","0032946"
"73911","2012-05-31 00:00:00","2012-06-09 00:00:00","1","0067779"
"73912","2012-05-31 00:00:00","2012-06-01 00:00:00","43","0083413"
"73913","2012-05-31 00:00:00","2012-06-01 00:00:00","37","0059009"
"73914","2012-05-31 00:00:00","2012-06-01 00:00:00","6","0064734"
"73915","2012-05-31 00:00:00","2012-06-04 00:00:00","9","0046793"
"73916","2012-05-31 00:00:00","2012-06-06 00:00:00","17","0112122"
"73917","2012-05-31 00:00:00","2012-06-06 00:00:00","24","0117094"
"73918","2012-05-31 00:00:00","2012-06-02 00:00:00","29","0072181"
"73919","2012-06-01 00:00:00","2012-06-04 00:00:00","45","0007565"
"73920","2012-06-01 00:00:00","2012-06-05 00:00:00","41","0000350"
"73921","2012-06-01 00:00:00","2012-06-02 00:00:00","39","0036989"
"73922","2012-06-01 00:00:00","2012-06-03 00:00:00","25","0016462"
"73923","2012-06-02 00:00:00","2012-06-03 00:00:00","43","0019623"
"73924","2012-06-02 00:00:00","2012-06-06 00:00:00","3","0077517"
"73925","2012-06-02 00:00:00","2012-06-07 00:00:00","22","0071272"
"73926","2012-06-02 00:00:00","2012-06-03 00:00:00","5","0081817"
"73927","2012-06-02 00:00:00","2012-06-04 00:00:00","35","0035819"
"73928","2012-06-02 00:00:00","2012-06-05 00:00:00","4","0042735"
"73929","2012-06-02 00:00:00","2012-06-07 00:00:00","7","0032481"
"73930","2012-06-02 00:00:00","2012-06-08 00:00:00","13","0059009"
"73931","2012-06-02 00:00:00","2012-06-07 00:00:00","18","0065101"
"73932","2012-06-02 00:00:00","2012-06-05 00:00:00","2","0064734"
"73933","2012-06-03 00:00:00","2012-06-04 00:00:00","46","0024097"
"73934","2012-06-03 00:00:00","2012-06-06 00:00:00","42","0080919"
"73935","2012-06-03 00:00:00","2012-06-09 00:00:00","48","0044597"
"73936","2012-06-03 00:00:00","2012-06-04 00:00:00","39","0054638"
"73937","2012-06-03 00:00:00","2012-06-08 00:00:00","27","0103275"
"73938","2012-06-04 00:00:00","2012-06-13 00:00:00","43","0037759"
"73939","2012-06-04 00:00:00","2012-06-06 00:00:00","54","0096114"
"73940","2012-06-04 00:00:00","2012-06-06 00:00:00","51","0041668"
"73941","2012-06-04 00:00:00","2012-06-11 00:00:00","53","0045619"
"73942","2012-06-04 00:00:00","2012-06-05 00:00:00","15","0028539"
"73943","2012-06-04 00:00:00","2012-06-13 00:00:00","16","0122085"
"73944","2012-06-04 00:00:00","2012-06-12 00:00:00","23","0072181"
"73945","2012-06-04 00:00:00","2012-06-07 00:00:00","34","0081817"
"73946","2012-06-04 00:00:00","2012-06-13 00:00:00","6","0019383"
"73947","2012-06-04 00:00:00","2012-06-10 00:00:00","19","0083413"
"73948","2012-06-04 00:00:00","2012-06-06 00:00:00","29","0049547"
"73949","2012-06-04 00:00:00","2012-06-06 00:00:00","32","0041353"
"73950","2012-06-05 00:00:00","2012-06-07 00:00:00","52","0115752"
"73951","2012-06-05 00:00:00","2012-06-12 00:00:00","39","0036989"
"73952","2012-06-05 00:00:00","2012-06-06 00:00:00","14","0049743"
"73953","2012-06-05 00:00:00","2012-06-10 00:00:00","31","0019623"
"73954","2012-06-05 00:00:00","2012-06-08 00:00:00","35","0056286"
"73955","2012-06-05 00:00:00","2012-06-13 00:00:00","33","0021604"
"73956","2012-06-05 00:00:00","2012-06-08 00:00:00","47","0024097"
"73957","2012-06-06 00:00:00","2012-06-16 00:00:00","40","0046793"
"73958","2012-06-06 00:00:00","2012-06-08 00:00:00","49","0054638"
"73959","2012-06-06 00:00:00","2012-06-13 00:00:00","38","0013322"
"73960","2012-06-06 00:00:00","2012-06-07 00:00:00","26","0000350"
"73961","2012-06-06 00:00:00","2012-06-15 00:00:00","36","0115692"
"73962","2012-06-07 00:00:00","2012-06-08 00:00:00","46","0112122"
"73963","2012-06-07 00:00:00","2012-06-08 00:00:00","14","0054864"
"73964","2012-06-07 00:00:00","2012-06-10 00:00:00","20","0032946"
"73965","2012-06-07 00:00:00","2012-06-09 00:00:00","30","0041353"
"73966","2012-06-07 00:00:00","2012-06-11 00:00:00","9","0007565"
"73967","2012-06-07 00:00:00","2012-06-08 00:00:00","25","0096114"
"73968","2012-06-07 00:00:00","2012-06-16 00:00:00","2","0042735"
"73969","2012-06-08 00:00:00","2012-06-12 00:00:00","44","0032481"
"73970","2012-06-08 00:00:00","2012-06-16 00:00:00","55","0035819"
"73971","2012-06-08 00:00:00","2012-06-17 00:00:00","54","0077517"
"73972","2012-06-08 00:00:00","2012-06-09 00:00:00","51","0003483"
"73973","2012-06-08 00:00:00","2012-06-09 00:00:00","22","0067304"
"73974","2012-06-08 00:00:00","2012-06-09 00:00:00","21","0115752"
"73975","2012-06-08 00:00:00","2012-06-12 00:00:00","26","0049547"
"73976","2012-06-08 00:00:00","2012-06-12 00:00:00","11","0080919"
"73977","2012-06-08 00:00:00","2012-06-12 00:00:00","18","0039136"
"73978","2012-06-09 00:00:00","2012-06-11 00:00:00","45","0056286"
"73979","2012-06-09 00:00:00","2012-06-16 00:00:00","42","0081817"
"73980","2012-06-09 00:00:00","2012-06-10 00:00:00","8","0059009"
"73981","2012-06-09 00:00:00","2012-06-10 00:00:00","17","0000350"
"73982","2012-06-09 00:00:00","2012-06-10 00:00:00","24","0054638"
"73983","2012-06-10 00:00:00","2012-06-13 00:00:00","41","0103275"
"73984","2012-06-10 00:00:00","2012-06-11 00:00:00","48","0003483"
"73985","2012-06-10 00:00:00","2012-06-11 00:00:00","52","0067304"
"73986","2012-06-10 00:00:00","2012-06-15 00:00:00","3","0054864"
"73987","2012-06-10 00:00:00","2012-06-14 00:00:00","14","0010399"
"73988","2012-06-10 00:00:00","2012-06-12 00:00:00","15","0096114"
"73989","2012-06-10 00:00:00","2012-06-11 00:00:00","10","0044597"
"73990","2012-06-10 00:00:00","2012-06-13 00:00:00","28","0112122"
"73991","2012-06-10 00:00:00","2012-06-13 00:00:00","7","0059411"
"73992","2012-06-10 00:00:00","2012-06-12 00:00:00","25","0115752"
"73993","2012-06-10 00:00:00","2012-06-15 00:00:00","32","0041353"
"73994","2012-06-11 00:00:00","2012-06-17 00:00:00","50","0065101"
"73995","2012-06-11 00:00:00","2012-06-13 00:00:00","27","0019623"
"73996","2012-06-11 00:00:00","2012-06-16 00:00:00","47","0088611"
"73997","2012-06-12 00:00:00","2012-06-15 00:00:00","45","0012437"
"73998","2012-06-12 00:00:00","2012-06-15 00:00:00","5","0083413"
"73999","2012-06-12 00:00:00","2012-06-15 00:00:00","21","0028539"
"74000","2012-06-12 00:00:00","2012-06-14 00:00:00","34","0044597"
"74001","2012-06-12 00:00:00","2012-06-22 00:00:00","4","0007565"
"74002","2012-06-12 00:00:00","2012-06-13 00:00:00","12","0056286"
"74003","2012-06-12 00:00:00","2012-06-14 00:00:00","13","0003483"
"74004","2012-06-13 00:00:00","2012-06-14 00:00:00","8","0115752"
"74005","2012-06-13 00:00:00","2012-06-15 00:00:00","11","0049547"
"74006","2012-06-13 00:00:00","2012-06-19 00:00:00","24","0000350"
"74007","2012-06-14 00:00:00","2012-06-16 00:00:00","1","0032481"
"74008","2012-06-14 00:00:00","2012-06-16 00:00:00","43","0045619"
"74009","2012-06-14 00:00:00","2012-06-19 00:00:00","51","0096114"
"74010","2012-06-14 00:00:00","2012-06-15 00:00:00","53","0112122"
"74011","2012-06-14 00:00:00","2012-06-20 00:00:00","38","0037759"
"74012","2012-06-14 00:00:00","2012-06-15 00:00:00","15","0067304"
"74013","2012-06-14 00:00:00","2012-06-20 00:00:00","30","0013322"
"74014","2012-06-14 00:00:00","2012-06-17 00:00:00","35","0056286"
"74015","2012-06-14 00:00:00","2012-06-17 00:00:00","7","0016462"
"74016","2012-06-14 00:00:00","2012-06-22 00:00:00","33","0009037"
"74017","2012-06-15 00:00:00","2012-06-17 00:00:00","39","0041668"
"74018","2012-06-15 00:00:00","2012-06-16 00:00:00","14","0059411"
"74019","2012-06-15 00:00:00","2012-06-19 00:00:00","16","0032946"
"74020","2012-06-15 00:00:00","2012-06-18 00:00:00","37","0021604"
"74021","2012-06-15 00:00:00","2012-06-21 00:00:00","12","0071272"
"74022","2012-06-15 00:00:00","2012-06-19 00:00:00","18","0103275"
"74023","2012-06-16 00:00:00","2012-06-17 00:00:00","10","0067304"
"74024","2012-06-16 00:00:00","2012-06-22 00:00:00","20","0067779"
"74025","2012-06-16 00:00:00","2012-06-20 00:00:00","28","0003483"
"74026","2012-06-16 00:00:00","2012-06-25 00:00:00","8","0036989"
"74027","2012-06-16 00:00:00","2012-06-21 00:00:00","13","0071609"
"74028","2012-06-17 00:00:00","2012-06-23 00:00:00","46","0045619"
"74029","2012-06-17 00:00:00","2012-06-20 00:00:00","41","0112122"
"74030","2012-06-17 00:00:00","2012-06-18 00:00:00","55","0117094"
"74031","2012-06-17 00:00:00","2012-06-19 00:00:00","49","0115752"
"74032","2012-06-17 00:00:00","2012-06-19 00:00:00","53","0032481"
"74033","2012-06-17 00:00:00","2012-06-20 00:00:00","52","0012437"
"74034","2012-06-17 00:00:00","2012-06-22 00:00:00","17","0028539"
"74035","2012-06-17 00:00:00","2012-06-19 00:00:00","32","0059411"
"74036","2012-06-17 00:00:00","2012-06-20 00:00:00","2","0054638"
"74037","2012-06-18 00:00:00","2012-06-22 00:00:00","45","0016462"
"74038","2012-06-18 00:00:00","2012-06-24 00:00:00","40","0019383"
"74039","2012-06-18 00:00:00","2012-06-20 00:00:00","5","0010399"
"74040","2012-06-18 00:00:00","2012-06-19 00:00:00","9","0065101"
"74041","2012-06-18 00:00:00","2012-06-19 00:00:00","11","0115692"
"74042","2012-06-19 00:00:00","2012-06-21 00:00:00","42","0117094"
"74043","2012-06-19 00:00:00","2012-06-23 00:00:00","50","0080919"
"74044","2012-06-19 00:00:00","2012-06-21 00:00:00","39","0116204"
"74045","2012-06-19 00:00:00","2012-06-23 00:00:00","23","0056286"
"74046","2012-06-19 00:00:00","2012-06-23 00:00:00","10","0044597"
"74047","2012-06-19 00:00:00","2012-06-28 00:00:00","31","0011614"
"74048","2012-06-19 00:00:00","2012-06-25 00:00:00","34","0077517"
"74049","2012-06-19 00:00:00","2012-06-26 00:00:00","6","0059009"
"74050","2012-06-20 00:00:00","2012-06-22 00:00:00","54","0103275"
"74051","2012-06-20 00:00:00","2012-06-22 00:00:00","49","0115692"
"74052","2012-06-20 00:00:00","2012-06-21 00:00:00","35","0064734"
"74053","2012-06-20 00:00:00","2012-06-23 00:00:00","36","0032946"
"74054","2012-06-20 00:00:00","2012-06-28 00:00:00","18","0019623"
"74055","2012-06-21 00:00:00","2012-06-22 00:00:00","44","0088611"
"74056","2012-06-21 00:00:00","2012-06-27 00:00:00","48","0065101"
"74057","2012-06-21 00:00:00","2012-06-22 00:00:00","53","0037759"
"74058","2012-06-21 00:00:00","2012-06-27 00:00:00","26","0010399"
"74059","2012-06-21 00:00:00","2012-06-25 00:00:00","27","0000350"
"74060","2012-06-21 00:00:00","2012-06-25 00:00:00","32","0012437"
"74061","2012-06-22 00:00:00","2012-06-25 00:00:00","51","0067304"
"74062","2012-06-22 00:00:00","2012-06-25 00:00:00","14","0116204"
"74063","2012-06-22 00:00:00","2012-07-01 00:00:00","16","0064734"
"74064","2012-06-22 00:00:00","2012-06-29 00:00:00","21","0018243"
"74065","2012-06-22 00:00:00","2012-06-26 00:00:00","9","0059411"
"74066","2012-06-22 00:00:00","2012-06-26 00:00:00","19","0003483"
"74067","2012-06-22 00:00:00","2012-06-28 00:00:00","29","0054638"
"74068","2012-06-23 00:00:00","2012-06-28 00:00:00","45","0096114"
"74069","2012-06-23 00:00:00","2012-06-25 00:00:00","43","0009037"
"74070","2012-06-23 00:00:00","2012-07-02 00:00:00","15","0024097"
"74071","2012-06-23 00:00:00","2012-06-25 00:00:00","35","0088611"
"74072","2012-06-23 00:00:00","2012-07-02 00:00:00","4","0122085"
"74073","2012-06-23 00:00:00","2012-06-27 00:00:00","7","0117094"
"74074","2012-06-23 00:00:00","2012-06-26 00:00:00","11","0032481"
"74075","2012-06-23 00:00:00","2012-06-26 00:00:00","25","0115752"
"74076","2012-06-24 00:00:00","2012-06-25 00:00:00","42","0045619"
"74077","2012-06-24 00:00:00","2012-06-25 00:00:00","54","0071609"
"74078","2012-06-24 00:00:00","2012-07-03 00:00:00","23","0016462"
"74079","2012-06-24 00:00:00","2012-06-26 00:00:00","12","0081817"
"74080","2012-06-24 00:00:00","2012-06-27 00:00:00","13","0052861"
"74081","2012-06-24 00:00:00","2012-06-26 00:00:00","24","0080919"
"74082","2012-06-24 00:00:00","2012-06-26 00:00:00","47","0032946"
"74083","2012-06-25 00:00:00","2012-06-30 00:00:00","40","0028539"
"74084","2012-06-25 00:00:00","2012-06-26 00:00:00","55","0037759"
"74085","2012-06-25 00:00:00","2012-06-26 00:00:00","49","0071272"
"74086","2012-06-26 00:00:00","2012-07-05 00:00:00","50","0088611"
"74087","2012-06-26 00:00:00","2012-07-02 00:00:00","39","0116204"
"74088","2012-06-26 00:00:00","2012-07-01 00:00:00","14","0071609"
"74089","2012-06-26 00:00:00","2012-06-29 00:00:00","30","0077517"
"74090","2012-06-26 00:00:00","2012-07-01 00:00:00","37","0009037"
"74091","2012-06-26 00:00:00","2012-07-05 00:00:00","8","0007565"
"74092","2012-06-27 00:00:00","2012-07-02 00:00:00","42","0067304"
"74093","2012-06-27 00:00:00","2012-07-01 00:00:00","52","0037759"
"74094","2012-06-27 00:00:00","2012-07-06 00:00:00","27","0054864"
"74095","2012-06-27 00:00:00","2012-06-28 00:00:00","17","0003483"
"74096","2012-06-27 00:00:00","2012-06-30 00:00:00","2","0032946"
"74097","2012-06-28 00:00:00","2012-06-29 00:00:00","5","0036989"
"74098","2012-06-28 00:00:00","2012-07-03 00:00:00","20","0080919"
"74099","2012-06-28 00:00:00","2012-06-30 00:00:00","34","0052861"
"74100","2012-06-28 00:00:00","2012-07-01 00:00:00","6","0115752"
"74101","2012-06-28 00:00:00","2012-07-05 00:00:00","9","0112122"
"74102","2012-06-28 00:00:00","2012-07-03 00:00:00","11","0081817"
"74103","2012-06-29 00:00:00","2012-07-03 00:00:00","41","0010399"
"74104","2012-06-29 00:00:00","2012-07-04 00:00:00","53","0117094"
"74105","2012-06-29 00:00:00","2012-07-01 00:00:00","3","0054638"
"74106","2012-06-29 00:00:00","2012-07-08 00:00:00","19","0042735"
"74107","2012-06-29 00:00:00","2012-07-05 00:00:00","24","0019623"
"74108","2012-06-30 00:00:00","2012-07-06 00:00:00","45","0077517"
"74109","2012-06-30 00:00:00","2012-07-07 00:00:00","51","0035819"
"74110","2012-06-30 00:00:00","2012-07-06 00:00:00","30","0045619"
"74111","2012-06-30 00:00:00","2012-07-08 00:00:00","7","0041668"
"74112","2012-06-30 00:00:00","2012-07-02 00:00:00","18","0072181"
"74113","2012-06-30 00:00:00","2012-07-02 00:00:00","29","0040079"
"74114","2012-07-02 00:00:00","2012-07-03 00:00:00","38","0064734"
